ticker,fiscal_year,accession,drift_score,n_new,n_modified,n_removed,n_total_risks,removal_rate,new_rate,modified_rate,theme_supply_chain,theme_supply_chain_count,theme_cybersecurity,theme_cybersecurity_count,theme_regulatory,theme_regulatory_count,theme_litigation,theme_litigation_count,theme_macro,theme_macro_count,theme_talent,theme_talent_count,theme_climate,theme_climate_count,theme_concentration,theme_concentration_count,theme_liquidity,theme_liquidity_count,theme_ai_technology,theme_ai_technology_count,cash_and_equivalents,eps_basic,eps_diluted,net_income,operating_cash_flow,operating_income,revenue,rnd_expense,stockholders_equity,total_assets,total_liabilities,net_margin,operating_margin,leverage,roe,asset_turnover,cash_ratio,rnd_intensity,filing_date,period_of_report,reporting_lag_days,fwd_return,market_return,excess_return
AAPL,2019,0000320193-19-000119,0.1087,0,5,4,46,0.08695652173913043,0.0,0.10869565217391304,0.2,1,0.0,0,0.4,2,0.4,2,0.0,0,0.4,2,0.2,1,0.0,0,0.0,0,0.0,0,48844000000.0,11.97,11.89,55256000000.0,69391000000.0,63930000000.0,260174000000.0,16217000000.0,90488000000.0,338516000000.0,248028000000.0,0.21238094505984456,0.24572017188496928,0.7326921031797611,0.6106445053487756,0.7685722388306608,0.1442886008342294,0.06233136285716482,2019-10-31,2019-09-28,33,0.3077411332992764,0.08207471003202511,0.22566642326725128
AAPL,2020,0000320193-20-000096,0.2545,0,14,0,55,0.0,0.0,0.2545454545454545,0.35714285714285715,5,0.0,0,0.35714285714285715,5,0.2857142857142857,4,0.07142857142857142,1,0.35714285714285715,5,0.14285714285714285,2,0.0,0,0.0,0,0.0,0,38016000000.0,3.31,3.28,57411000000.0,80674000000.0,66288000000.0,274515000000.0,18752000000.0,65339000000.0,323888000000.0,258549000000.0,0.20913611278072236,0.24147314354406862,0.7982666847799239,0.8786635853012749,0.8475615027416885,0.11737390702959048,0.06830956414039306,2020-10-30,2020-09-26,34,0.2614963022508736,0.16138815368201764,0.10010814856885597
AAPL,2021,0000320193-21-000105,0.5574,0,34,10,61,0.16393442622950818,0.0,0.5573770491803278,0.4117647058823529,14,0.08823529411764706,3,0.3235294117647059,11,0.20588235294117646,7,0.0,0,0.20588235294117646,7,0.058823529411764705,2,0.0,0,0.029411764705882353,1,0.0,0,34940000000.0,5.67,5.61,94680000000.0,104038000000.0,108949000000.0,365817000000.0,21914000000.0,63090000000.0,351002000000.0,287912000000.0,0.2588179335569424,0.29782377527561593,0.8202574344305731,1.5007132667617689,1.042207736708053,0.09954359234420317,0.059904269074427925,2021-10-29,2021-09-25,34,0.06443515963967215,-0.05769181976921118,0.12212697940888334
AAPL,2022,0000320193-22-000108,0.2903,1,17,8,62,0.12903225806451613,0.016129032258064516,0.27419354838709675,0.5555555555555556,10,0.16666666666666666,3,0.2777777777777778,5,0.0,0,0.05555555555555555,1,0.3333333333333333,6,0.2222222222222222,4,0.0,0,0.05555555555555555,1,0.0,0,23646000000.0,6.15,6.11,99803000000.0,122151000000.0,119437000000.0,394328000000.0,26251000000.0,50672000000.0,352755000000.0,302083000000.0,0.2530964070519973,0.30288744395528594,0.8563535598361469,1.9695887275023682,1.1178523337727317,0.067032359569673,0.06657148363798665,2022-10-28,2022-09-24,34,-0.07410559500388823,0.04521274359914779,-0.11931833860303602
AAPL,2023,0000320193-23-000106,0.2063,0,13,8,63,0.12698412698412698,0.0,0.20634920634920634,0.46153846153846156,6,0.3076923076923077,4,0.15384615384615385,2,0.15384615384615385,2,0.07692307692307693,1,0.23076923076923078,3,0.07692307692307693,1,0.07692307692307693,1,0.0,0,0.07692307692307693,1,29965000000.0,6.16,6.13,96995000000.0,110543000000.0,114301000000.0,383285000000.0,29915000000.0,62146000000.0,352583000000.0,290437000000.0,0.2530623426432028,0.2982141226502472,0.8237407929480435,1.5607601454639075,1.087077369016657,0.08498708105609176,0.07804897139204509,2023-11-03,2023-09-30,34,0.05919163345281158,0.12996250085324357,-0.07077086740043198
AAPL,2024,0000320193-24-000123,0.2222,0,14,8,63,0.12698412698412698,0.0,0.2222222222222222,0.5,7,0.14285714285714285,2,0.42857142857142855,6,0.14285714285714285,2,0.0,0,0.07142857142857142,1,0.14285714285714285,2,0.07142857142857142,1,0.0,0,0.14285714285714285,2,29943000000.0,6.11,6.08,93736000000.0,118254000000.0,123216000000.0,391035000000.0,31370000000.0,56950000000.0,364980000000.0,308030000000.0,0.23971255769943867,0.31510222870075566,0.8439640528248123,1.6459350307287095,1.0713874732862074,0.08204011178694723,0.08022299794136074,2024-11-01,2024-09-28,34,0.067028824073047,0.06310657319096072,0.003922250882086281
ABBV,2019,0001551152-20-000007,0.2632,0,10,2,38,0.05263157894736842,0.0,0.2631578947368421,0.2,2,0.0,0,0.6,6,0.4,4,0.2,2,0.2,2,0.1,1,0.0,0,0.3,3,0.0,0,39924000000.0,5.3,5.28,7882000000.0,13324000000.0,12983000000.0,33266000000.0,,-8172000000.0,89115000000.0,,0.23693861600432875,0.3902783622918295,,-0.9645129711209006,0.37329293609381137,0.4480053862986029,,2020-02-21,2019-12-31,52,-0.005820435601745954,-0.11054923080460088,0.10472879520285493
ABBV,2020,0001551152-21-000008,0.4884,0,21,8,43,0.18604651162790697,0.0,0.4883720930232558,0.5238095238095238,11,0.0,0,0.42857142857142855,9,0.14285714285714285,3,0.09523809523809523,2,0.14285714285714285,3,0.047619047619047616,1,0.0,0,0.09523809523809523,2,0.0,0,8449000000.0,2.73,2.72,4616000000.0,17588000000.0,11363000000.0,45804000000.0,,13076000000.0,150565000000.0,,0.10077722469653305,0.24807877041306436,,0.3530131538696849,0.30421412678909443,0.056115299040281605,,2021-02-19,2020-12-31,50,0.12878695836592574,0.0682258565624955,0.060561101803430245
ABBV,2021,0001551152-22-000007,0.186,0,8,7,43,0.16279069767441862,0.0,0.18604651162790697,0.625,5,0.0,0,0.75,6,0.25,2,0.0,0,0.25,2,0.125,1,0.0,0,0.125,1,0.0,0,9746000000.0,6.48,6.45,11542000000.0,22777000000.0,17924000000.0,56197000000.0,,15408000000.0,146529000000.0,,0.2053846290727263,0.31894941011086003,,0.7490913811007269,0.3835213507223826,0.06651243098635765,,2022-02-18,2021-12-31,49,0.062344565813608546,-0.10031547197478614,0.1626600377883947
ABBV,2022,0001551152-23-000011,0.4118,0,21,7,51,0.13725490196078433,0.0,0.4117647058823529,0.42857142857142855,9,0.0,0,0.5714285714285714,12,0.047619047619047616,1,0.23809523809523808,5,0.23809523809523808,5,0.047619047619047616,1,0.0,0,0.047619047619047616,1,0.0,0,9201000000.0,6.65,6.63,11836000000.0,24943000000.0,18117000000.0,58054000000.0,,17254000000.0,138805000000.0,,0.20387914700106796,0.31207151961966445,,0.6859858583516866,0.4182414178163611,0.06628723749144483,,2023-02-17,2022-12-31,48,-0.04329160680883565,0.033320285117236066,-0.0766118919260717
ABBV,2023,0001551152-24-000011,0.2292,0,11,9,48,0.1875,0.0,0.22916666666666666,0.45454545454545453,5,0.18181818181818182,2,0.7272727272727273,8,0.18181818181818182,2,0.18181818181818182,2,0.0,0,0.09090909090909091,1,0.0,0,0.0,0,0.0,0,12814000000.0,2.73,2.72,4863000000.0,22839000000.0,12757000000.0,54318000000.0,,10360000000.0,134711000000.0,,0.0895283331492323,0.23485768990021724,,0.4694015444015444,0.40321874234472316,0.09512215038118639,,2024-02-20,2023-12-31,51,-0.05492555852122276,0.07034988945749686,-0.12527544797871962
ABBV,2024,0001551152-25-000020,0.2083,0,10,6,48,0.125,0.0,0.20833333333333334,0.6,6,0.1,1,0.6,6,0.1,1,0.1,1,0.1,1,0.0,0,0.0,0,0.1,1,0.1,1,5524000000.0,2.4,2.39,4278000000.0,18806000000.0,9137000000.0,56334000000.0,,3325000000.0,135161000000.0,,0.0759399297049739,0.16219334682429792,,1.2866165413533834,0.4167918260444951,0.0408697775245818,,2025-02-14,2024-12-31,45,-0.04931305498599141,-0.028643075424589715,-0.020669979561401694
ADBE,2019,0000796343-20-000013,0.2308,0,15,12,65,0.18461538461538463,0.0,0.23076923076923078,0.13333333333333333,2,0.06666666666666667,1,0.26666666666666666,4,0.06666666666666667,1,0.13333333333333333,2,0.13333333333333333,2,0.06666666666666667,1,0.0,0,0.06666666666666667,1,0.0,0,2650221000.0,6.07,6.0,2951458000.0,4421813000.0,3268121000.0,11171297000.0,,10530155000.0,20762400000.0,10232245000.0,0.2642001192878499,0.2925462459730504,0.49282573305590877,0.28028628258558397,0.5380542230185335,0.1276452144260779,,2020-01-21,2019-11-29,53,-0.01462855747767857,-0.1450471017652589,0.13041854428758032
ADBE,2020,0000796343-21-000004,0.4815,2,37,14,81,0.1728395061728395,0.024691358024691357,0.4567901234567901,0.10256410256410256,4,0.02564102564102564,1,0.46153846153846156,18,0.07692307692307693,3,0.1282051282051282,5,0.20512820512820512,8,0.05128205128205128,2,0.07692307692307693,3,0.05128205128205128,2,0.02564102564102564,1,4478000000.0,10.94,10.83,5260000000.0,5727000000.0,4237000000.0,12868000000.0,,13264000000.0,24284000000.0,11020000000.0,0.4087659309916071,0.32926639726453216,0.4537967385933125,0.396562123039807,0.5298962279690331,0.184401251853072,,2021-01-15,2020-11-27,49,0.14226775964475213,0.11054584632735208,0.031721913317400055
ADBE,2021,0000796343-22-000032,0.2727,0,21,21,77,0.2727272727272727,0.0,0.2727272727272727,0.047619047619047616,1,0.09523809523809523,2,0.42857142857142855,9,0.047619047619047616,1,0.14285714285714285,3,0.047619047619047616,1,0.047619047619047616,1,0.0,0,0.14285714285714285,3,0.0,0,3844000000.0,10.1,10.02,4822000000.0,7230000000.0,5802000000.0,15785000000.0,,14797000000.0,27241000000.0,12444000000.0,0.3054798859676908,0.3675641431738993,0.4568114239565361,0.3258768669324863,0.5794574354832789,0.14111082559377408,,2022-01-21,2021-12-03,49,-0.16488966428344554,0.00328973701135568,-0.16817940129480122
ADBE,2022,0000796343-23-000007,0.4265,0,29,21,68,0.3088235294117647,0.0,0.4264705882352941,0.13793103448275862,4,0.20689655172413793,6,0.3793103448275862,11,0.0,0,0.13793103448275862,4,0.13793103448275862,4,0.10344827586206896,3,0.0,0,0.06896551724137931,2,0.034482758620689655,1,4236000000.0,10.13,10.1,4756000000.0,7838000000.0,6098000000.0,17606000000.0,,14051000000.0,27165000000.0,13114000000.0,0.27013518118823127,0.34635919572872886,0.4827535431621572,0.3384812468863426,0.64811338118903,0.15593594699061292,,2023-01-17,2022-12-02,46,0.09739243878672646,0.04462311517468672,0.05276932361203974
ADBE,2023,0000796343-24-000006,0.8028,0,57,31,71,0.43661971830985913,0.0,0.8028169014084507,0.07017543859649122,4,0.15789473684210525,9,0.43859649122807015,25,0.2631578947368421,15,0.17543859649122806,10,0.12280701754385964,7,0.17543859649122806,10,0.0,0,0.05263157894736842,3,0.12280701754385964,7,7141000000.0,11.87,11.82,5428000000.0,7302000000.0,6650000000.0,19409000000.0,,16518000000.0,29779000000.0,13261000000.0,0.2796640733680251,0.3426245556185275,0.4453138117465328,0.32861121201113935,0.6517680244467577,0.2397998589610128,,2024-01-17,2023-12-01,47,-0.201107162011537,0.06945838158496191,-0.2705655435964989
ADBE,2024,0000796343-25-000004,0.2778,0,20,21,72,0.2916666666666667,0.0,0.2777777777777778,0.05,1,0.05,1,0.75,15,0.2,4,0.2,4,0.2,4,0.05,1,0.0,0,0.05,1,0.15,3,7613000000.0,12.43,12.36,5560000000.0,8056000000.0,6741000000.0,21505000000.0,,14105000000.0,30230000000.0,16125000000.0,0.25854452452917925,0.31346198558474775,0.5334105193516374,0.3941864587025877,0.711379424412835,0.25183592457823356,,2025-01-13,2024-11-29,45,-0.1371603397290009,-0.07885200942556905,-0.058308330303431855
AXP,2019,0000004962-20-000030,0.284,0,23,10,81,0.12345679012345678,0.0,0.2839506172839506,0.08695652173913043,2,0.13043478260869565,3,0.6086956521739131,14,0.08695652173913043,2,0.2608695652173913,6,0.08695652173913043,2,0.08695652173913043,2,0.0,0,0.17391304347826086,4,0.043478260869565216,1,,,,6759000000.0,13632000000.0,,28159000000.0,,23071000000.0,198321000000.0,175250000000.0,0.24002983060478,,0.8836683961859814,0.292965194399896,0.1419869807030017,,,2020-02-13,2019-12-31,44,-0.41645522243891614,-0.15962788500420114,-0.256827337434715
AXP,2020,0000004962-21-000013,0.3372,0,29,11,86,0.12790697674418605,0.0,0.3372093023255814,0.034482758620689655,1,0.06896551724137931,2,0.5517241379310345,16,0.1724137931034483,5,0.10344827586206896,3,0.0,0,0.06896551724137931,2,0.0,0,0.1724137931034483,5,0.034482758620689655,1,,,,3135000000.0,5591000000.0,,21974000000.0,,22984000000.0,191367000000.0,168383000000.0,0.14266860835532902,,0.8798956977953357,0.136399234249913,0.11482648523517638,,,2021-02-12,2020-12-31,43,0.19227890842819764,0.04834914712024123,0.14392976130795643
AXP,2021,0000004962-22-000008,0.2577,0,25,13,97,0.13402061855670103,0.0,0.25773195876288657,0.04,1,0.16,4,0.68,17,0.2,5,0.16,4,0.12,3,0.12,3,0.0,0,0.08,2,0.0,0,,10.04,10.02,8060000000.0,14645000000.0,,27716000000.0,,22177000000.0,188548000000.0,166371000000.0,0.29080675422138835,,0.8823800835861425,0.3634395995851558,0.1469970511487791,,,2022-02-11,2021-12-31,42,-0.19865954811837677,-0.10648214318456097,-0.0921774049338158
AXP,2022,0000004962-23-000006,0.1683,0,17,13,101,0.12871287128712872,0.0,0.16831683168316833,0.11764705882352941,2,0.35294117647058826,6,0.5882352941176471,10,0.17647058823529413,3,0.4117647058823529,7,0.058823529411764705,1,0.11764705882352941,2,0.0,0,0.11764705882352941,2,0.0,0,,9.86,9.85,7514000000.0,21079000000.0,,34219000000.0,,24711000000.0,228354000000.0,203643000000.0,0.21958561033344048,,0.8917864368480517,0.304075108251386,0.14985067045026582,,,2023-02-10,2022-12-31,41,-0.1713347261744496,0.013878586944202425,-0.18521331311865202
AXP,2023,0000004962-24-000013,0.198,0,20,16,101,0.15841584158415842,0.0,0.19801980198019803,0.0,0,0.15,3,0.7,14,0.3,6,0.35,7,0.05,1,0.1,2,0.0,0,0.2,4,0.05,1,,11.23,11.21,8374000000.0,18559000000.0,,37218000000.0,,28057000000.0,261108000000.0,233051000000.0,0.22499865656402815,,0.8925463792760084,0.2984638414655879,0.1425387196102762,,,2024-02-09,2023-12-31,40,0.12901076969662162,0.041073572899223657,0.08793719679739796
AXP,2024,0000004962-25-000016,0.215,0,23,18,107,0.16822429906542055,0.0,0.21495327102803738,0.08695652173913043,2,0.17391304347826086,4,0.782608695652174,18,0.21739130434782608,5,0.391304347826087,9,0.13043478260869565,3,0.2608695652173913,6,0.0,0,0.17391304347826086,4,0.30434782608695654,7,,14.04,14.01,10129000000.0,14050000000.0,,38825000000.0,,30264000000.0,271461000000.0,241197000000.0,0.26088860270444303,,0.8885143722302651,0.33468807824477925,0.14302238627279792,,,2025-02-07,2024-12-31,38,-0.10155082521522861,-0.05661110251141274,-0.04493972270381587
BA,2019,0000012927-20-000014,0.3636,5,11,7,44,0.1590909090909091,0.11363636363636363,0.25,0.4375,7,0.0,0,0.6875,11,0.125,2,0.0,0,0.0625,1,0.125,2,0.0,0,0.0,0,0.0,0,9485000000.0,-1.12,-1.12,-636000000.0,-2446000000.0,-1975000000.0,76559000000.0,3219000000.0,-8617000000.0,133625000000.0,,-0.0083073185386434,-0.025797097663240117,,0.0738075896483695,0.5729391955098223,0.0709822263797942,0.04204600373568098,2020-01-31,2019-12-31,31,-0.5542808371790464,-0.09182150764377953,-0.4624593295352669
BA,2020,0000012927-21-000011,0.6,2,31,7,55,0.12727272727272726,0.03636363636363636,0.5636363636363636,0.42424242424242425,14,0.18181818181818182,6,0.3333333333333333,11,0.09090909090909091,3,0.030303030303030304,1,0.06060606060606061,2,0.12121212121212122,4,0.030303030303030304,1,0.12121212121212122,4,0.0,0,7752000000.0,-20.88,-20.88,-11873000000.0,-18410000000.0,-12767000000.0,58158000000.0,2476000000.0,-18316000000.0,152136000000.0,170211000000.0,-0.20415076171807833,-0.21952267959696,1.1188081716359046,0.6482310548154618,0.3822763842877425,0.05095440921280959,0.04257367859967674,2021-02-01,2020-12-31,32,0.19643587591948933,0.11279481074387211,0.08364106517561722
BA,2021,0000012927-22-000010,0.2069,0,12,9,58,0.15517241379310345,0.0,0.20689655172413793,0.8333333333333334,10,0.08333333333333333,1,0.5833333333333334,7,0.0,0,0.08333333333333333,1,0.16666666666666666,2,0.25,3,0.08333333333333333,1,0.08333333333333333,1,0.0,0,8052000000.0,-7.15,-7.15,-4202000000.0,-3416000000.0,-2902000000.0,62286000000.0,2249000000.0,-14999000000.0,138552000000.0,153398000000.0,-0.06746299328902161,-0.04659152939665415,1.1071511057220393,0.2801520101340089,0.4495496275766499,0.05811536462844275,0.03610763253379572,2022-01-31,2021-12-31,31,-0.25669200831613126,-0.08141652722752453,-0.17527548108860674
BA,2022,0000012927-23-000007,0.3542,0,17,18,48,0.375,0.0,0.3541666666666667,0.5882352941176471,10,0.17647058823529413,3,0.5882352941176471,10,0.0,0,0.17647058823529413,3,0.23529411764705882,4,0.17647058823529413,3,0.0,0,0.058823529411764705,1,0.0,0,14614000000.0,-8.3,-8.3,-4935000000.0,3512000000.0,-3547000000.0,66608000000.0,2852000000.0,-15883000000.0,137100000000.0,152948000000.0,-0.0740901993754504,-0.05325186163824165,1.1155944566010212,0.31070956368444247,0.4858351568198395,0.10659372720641867,0.04281767955801105,2023-01-27,2022-12-31,27,-0.024293246802551325,0.020469105834906725,-0.04476235263745805
BA,2023,0000012927-24-000010,0.2041,0,10,7,49,0.14285714285714285,0.0,0.20408163265306123,0.7,7,0.2,2,0.2,2,0.0,0,0.3,3,0.4,4,0.0,0,0.1,1,0.0,0,0.1,1,12691000000.0,-3.67,-3.67,-2222000000.0,5960000000.0,-773000000.0,77794000000.0,3377000000.0,-17233000000.0,137012000000.0,154240000000.0,-0.028562614083348332,-0.009936498958788596,1.1257408110238518,0.12893866419079672,0.5677896826555339,0.0926269231892097,0.04340951744350464,2024-01-31,2023-12-31,31,-0.20470052275670161,0.04278427481021392,-0.24748479756691555
BA,2024,0000012927-25-000015,0.4364,6,18,7,55,0.12727272727272726,0.10909090909090909,0.32727272727272727,0.4166666666666667,10,0.16666666666666666,4,0.3333333333333333,8,0.0,0,0.08333333333333333,2,0.125,3,0.08333333333333333,2,0.0,0,0.16666666666666666,4,0.041666666666666664,1,13801000000.0,-18.36,-18.36,-11817000000.0,-12080000000.0,-10707000000.0,66517000000.0,3812000000.0,-3908000000.0,156363000000.0,160277000000.0,-0.17765383285475894,-0.16096636949952645,1.0250314972212096,3.023797338792221,0.4254011498884007,0.08826256851045323,0.05730865793706872,2025-02-03,2024-12-31,34,0.05452898085480455,-0.0490242099453963,0.10355319080020085
BAC,2019,0000070858-20-000011,0.4409,1,40,18,93,0.1935483870967742,0.010752688172043012,0.43010752688172044,0.07317073170731707,3,0.12195121951219512,5,0.6097560975609756,25,0.14634146341463414,6,0.2682926829268293,11,0.024390243902439025,1,0.0,0,0.04878048780487805,2,0.2926829268292683,12,0.04878048780487805,2,161560000000.0,2.77,2.75,27430000000.0,61777000000.0,,91244000000.0,,264810000000.0,2434079000000.0,2169269000000.0,0.3006225066853711,,0.8912073108555638,0.10358370152184586,0.037486047083927845,0.06637418095304219,,2020-02-19,2019-12-31,50,-0.3562294182340942,-0.13197705784540387,-0.22425236038869034
BAC,2020,0000070858-21-000023,0.5714,1,59,21,105,0.2,0.009523809523809525,0.5619047619047619,0.05,3,0.15,9,0.6333333333333333,38,0.21666666666666667,13,0.31666666666666665,19,0.016666666666666666,1,0.1,6,0.06666666666666667,4,0.31666666666666665,19,0.016666666666666666,1,,1.88,1.87,17894000000.0,37993000000.0,,85528000000.0,,272924000000.0,2819627000000.0,2546703000000.0,0.20921803386025628,,0.903205636773942,0.06556403980595331,0.030333090156960476,,,2021-02-24,2020-12-31,55,0.1604904664253489,0.07106164239911975,0.08942882402622915
BAC,2021,0000070858-22-000062,0.4273,0,47,24,110,0.21818181818181817,0.0,0.42727272727272725,0.1276595744680851,6,0.19148936170212766,9,0.6595744680851063,31,0.19148936170212766,9,0.23404255319148937,11,0.1276595744680851,6,0.06382978723404255,3,0.06382978723404255,3,0.3191489361702128,15,0.02127659574468085,1,,3.6,3.57,31978000000.0,-7193000000.0,,89113000000.0,,270066000000.0,3169495000000.0,2899429000000.0,0.35884775509746053,,0.9147921041049126,0.11840809283656588,0.028115835487987833,,,2022-02-22,2021-12-31,53,-0.2088370121812439,-0.07313584382610223,-0.13570116835514168
BAC,2022,0000070858-23-000092,0.51,0,51,32,100,0.32,0.0,0.51,0.13725490196078433,7,0.13725490196078433,7,0.5686274509803921,29,0.13725490196078433,7,0.37254901960784315,19,0.0784313725490196,4,0.09803921568627451,5,0.058823529411764705,3,0.1568627450980392,8,0.0392156862745098,2,,3.21,3.19,27528000000.0,-6327000000.0,,94950000000.0,,273197000000.0,3051375000000.0,2778178000000.0,0.2899210110584518,,0.9104675760927451,0.10076245346764423,0.031117119331448936,,,2023-02-22,2022-12-31,53,-0.16111509394191664,0.042982989952310174,-0.20409808389422682
CAT,2019,0000018230-20-000056,0.1111,0,6,9,54,0.16666666666666666,0.0,0.1111111111111111,0.5,3,0.5,3,0.3333333333333333,2,0.3333333333333333,2,0.16666666666666666,1,0.0,0,0.16666666666666666,1,0.0,0,0.3333333333333333,2,0.0,0,,10.85,10.74,6094000000.0,6912000000.0,8290000000.0,53800000000.0,1693000000.0,14629000000.0,78453000000.0,63824000000.0,0.11327137546468402,0.154089219330855,0.8135316686423719,0.416569827055848,0.6857609014314303,,0.031468401486988845,2020-02-19,2019-12-31,50,-0.1735421004273259,-0.13197705784540387,-0.041565042581922035
CAT,2020,0000018230-21-000063,0.2456,0,14,6,57,0.10526315789473684,0.0,0.24561403508771928,0.2857142857142857,4,0.0,0,0.21428571428571427,3,0.07142857142857142,1,0.7857142857142857,11,0.14285714285714285,2,0.07142857142857142,1,0.0,0,0.5714285714285714,8,0.0,0,,5.51,5.46,3003000000.0,6327000000.0,4553000000.0,41748000000.0,1415000000.0,15378000000.0,78324000000.0,62946000000.0,0.07193158953722334,0.10905911660438823,0.8036617128849395,0.19527896995708155,0.5330166998621112,,0.033893839225831175,2021-02-17,2020-12-31,48,0.18908791331124086,0.05326115443629927,0.13582675887494158
CAT,2021,0000018230-22-000050,0.0833,2,3,6,60,0.1,0.03333333333333333,0.05,0.4,2,0.0,0,0.2,1,0.4,2,0.2,1,0.4,2,0.4,2,0.0,0,0.0,0,0.0,0,9254000000.0,11.93,11.83,6493000000.0,7198000000.0,6878000000.0,50971000000.0,1686000000.0,16516000000.0,82793000000.0,66277000000.0,0.12738616075807813,0.13493947538796572,0.8005145362530649,0.39313393073383385,0.6156438346237001,0.11177273440991388,0.03307763237919601,2022-02-16,2021-12-31,47,0.05142381143767346,-0.08287373345865301,0.13429754489632648
CAT,2022,0000018230-23-000011,0.1429,0,8,11,56,0.19642857142857142,0.0,0.14285714285714285,0.25,2,0.125,1,0.125,1,0.0,0,0.75,6,0.0,0,0.0,0,0.0,0,0.375,3,0.0,0,7004000000.0,12.72,12.64,6704000000.0,7766000000.0,7904000000.0,59427000000.0,1814000000.0,15891000000.0,81943000000.0,66052000000.0,0.1128106752822791,0.13300351691991855,0.8060725138205826,0.4218740167390347,0.7252236310606153,0.08547404903408466,0.030524845608898312,2023-02-15,2022-12-31,46,-0.16234546998069666,-0.005227925638884955,-0.1571175443418117
CAT,2023,0000018230-24-000009,0.0727,0,4,4,55,0.07272727272727272,0.0,0.07272727272727272,0.25,1,0.0,0,0.25,1,0.0,0,0.75,3,0.25,1,0.0,0,0.0,0,0.75,3,0.0,0,6978000000.0,20.24,20.12,10332000000.0,12885000000.0,12966000000.0,67060000000.0,2108000000.0,19503000000.0,87476000000.0,67973000000.0,0.15407098121085594,0.19334923948702654,0.7770474187205634,0.5297646515920628,0.7666102702455531,0.07977045132379167,0.03143453623620638,2024-02-16,2023-12-31,47,0.09346844795809316,0.061705611482319817,0.03176283647577334
CAT,2024,0000018230-25-000008,0.037,0,2,2,54,0.037037037037037035,0.0,0.037037037037037035,0.0,0,0.0,0,0.5,1,0.0,0,1.0,2,0.0,0,0.0,0,0.0,0,0.5,1,0.0,0,6889000000.0,22.17,22.05,10788000000.0,12035000000.0,13072000000.0,64809000000.0,2107000000.0,19494000000.0,87764000000.0,68270000000.0,0.1664583622645003,0.20170038111990618,0.7778815915409507,0.5534010464758388,0.7384462877717515,0.078494599152272,0.03251091669366909,2025-02-14,2024-12-31,45,-0.005167152414736273,-0.028643075424589715,0.02347592300985344
COP,2019,0001193125-20-039954,0.5,0,13,13,26,0.5,0.0,0.5,0.07692307692307693,1,0.07692307692307693,1,0.5384615384615384,7,0.07692307692307693,1,0.0,0,0.07692307692307693,1,0.38461538461538464,5,0.0,0,0.07692307692307693,1,0.0,0,5088000000.0,6.43,,7189000000.0,11104000000.0,,32567000000.0,82000000.0,34981000000.0,70514000000.0,35464000000.0,0.2207449258451807,,0.5029355872592677,0.20551156342014237,0.46185154721048305,0.0721558839379414,0.0025178862038259587,2020-02-18,2019-12-31,49,-0.24466547390696888,-0.11877545071048222,-0.12589002319648668
COP,2020,0001562762-21-000027,0.6944,6,19,4,36,0.1111111111111111,0.16666666666666666,0.5277777777777778,0.12,3,0.04,1,0.36,9,0.04,1,0.12,3,0.16,4,0.36,9,0.0,0,0.04,1,0.0,0,2991000000.0,-2.51,,-2701000000.0,4802000000.0,,18784000000.0,75000000.0,29849000000.0,62618000000.0,32769000000.0,-0.14379258943781942,,0.5233159794308346,-0.09048879359442527,0.2999776422115047,0.04776581813536044,0.003992759795570698,2021-02-16,2020-12-31,47,0.2027359961943978,0.06265871232929275,0.14007728386510504
COP,2021,0001562762-22-000031,0.7429,1,25,6,35,0.17142857142857143,0.02857142857142857,0.7142857142857143,0.19230769230769232,5,0.19230769230769232,5,0.46153846153846156,12,0.07692307692307693,2,0.11538461538461539,3,0.19230769230769232,5,0.34615384615384615,9,0.0,0,0.11538461538461539,3,0.0,0,5028000000.0,6.09,6.07,8079000000.0,16996000000.0,,45828000000.0,62000000.0,45406000000.0,90661000000.0,45255000000.0,0.17628960460853627,,0.4991672273634749,0.17792802713297803,0.5054874753201487,0.05545934856222631,0.0013528846993104652,2022-02-17,2021-12-31,48,0.15470298139762037,-0.10063279528814181,0.2553357766857622
COP,2022,0001163165-23-000006,0.7838,0,29,9,37,0.24324324324324326,0.0,0.7837837837837838,0.10344827586206896,3,0.20689655172413793,6,0.4482758620689655,13,0.06896551724137931,2,0.13793103448275862,4,0.10344827586206896,3,0.4827586206896552,14,0.0,0,0.20689655172413793,6,0.0,0,6458000000.0,14.62,14.57,18680000000.0,28314000000.0,,61049000000.0,71000000.0,48003000000.0,93829000000.0,45826000000.0,0.3059837179970188,,0.48839910901746797,0.3891423452700873,0.650641059800275,0.06882733483251446,0.001163000212943701,2023-02-16,2022-12-31,47,-0.06002080178674803,0.020904176598403854,-0.08092497838515189
COP,2023,0001163165-24-000010,0.3056,0,11,8,36,0.2222222222222222,0.0,0.3055555555555556,0.18181818181818182,2,0.2727272727272727,3,0.6363636363636364,7,0.09090909090909091,1,0.2727272727272727,3,0.09090909090909091,1,0.45454545454545453,5,0.0,0,0.36363636363636365,4,0.09090909090909091,1,5635000000.0,9.08,9.06,10957000000.0,19965000000.0,,48522000000.0,81000000.0,49279000000.0,95924000000.0,46645000000.0,0.22581509418408144,,0.4862703807180685,0.22234623267517603,0.5058379550477461,0.05874442266794545,0.0016693458637319154,2024-02-15,2023-12-31,46,0.09430506654409368,0.05859655563256298,0.0357085109115307
COP,2024,0001163165-25-000012,0.375,2,13,5,40,0.125,0.05,0.325,0.0,0,0.0,0,0.6,9,0.0,0,0.06666666666666667,1,0.0,0,0.6,9,0.0,0,0.06666666666666667,1,0.0,0,5607000000.0,7.82,7.81,9245000000.0,20124000000.0,,49418000000.0,81000000.0,64796000000.0,122780000000.0,57984000000.0,0.1870775830668987,,0.47225932562306566,0.14267856040496327,0.40249226258348264,0.045667046750285066,0.001639078878141568,2025-02-18,2024-12-31,49,-0.0643463412547153,-0.024285938070588885,-0.04006040318412642
COST,2019,0000909832-19-000019,0.25,0,9,1,36,0.027777777777777776,0.0,0.25,0.2222222222222222,2,0.3333333333333333,3,0.5555555555555556,5,0.1111111111111111,1,0.2222222222222222,2,0.2222222222222222,2,0.1111111111111111,1,0.0,0,0.0,0,0.0,0,8384000000.0,8.32,8.26,3659000000.0,6356000000.0,4737000000.0,152703000000.0,,15243000000.0,45400000000.0,29816000000.0,0.023961546269555937,0.031021001552032378,0.6567400881057269,0.24004461064094995,3.363502202643172,0.18466960352422906,,2019-10-11,2019-09-01,40,0.008301365056160975,0.10792459172207747,-0.0996232266659165
COST,2020,0000909832-20-000017,0.4615,4,14,7,39,0.1794871794871795,0.10256410256410256,0.358974358974359,0.5555555555555556,10,0.2222222222222222,4,0.5,9,0.3888888888888889,7,0.05555555555555555,1,0.16666666666666666,3,0.16666666666666666,3,0.0,0,0.1111111111111111,2,0.0,0,12277000000.0,9.05,9.02,4002000000.0,8861000000.0,5435000000.0,166761000000.0,,18284000000.0,55556000000.0,36851000000.0,0.023998416896036844,0.03259155318089961,0.663312693498452,0.21887989499015534,3.001673986608107,0.220984232126143,,2020-10-07,2020-08-30,38,0.06419228277764219,0.09435640511807748,-0.030164122340435293
COST,2021,0000909832-21-000014,0.1892,0,7,7,37,0.1891891891891892,0.0,0.1891891891891892,0.2857142857142857,2,0.0,0,0.5714285714285714,4,0.42857142857142855,3,0.42857142857142855,3,0.2857142857142857,2,0.14285714285714285,1,0.0,0,0.0,0,0.0,0,11258000000.0,11.3,11.27,5007000000.0,8958000000.0,6708000000.0,195929000000.0,,17564000000.0,59268000000.0,41190000000.0,0.025555175599324246,0.034236891935343926,0.6949787406357563,0.28507173764518334,3.3058142673955593,0.1899507322669906,,2021-10-06,2021-08-29,38,0.2577175944167724,0.101926304093225,0.15579129032354738
COST,2022,0000909832-22-000021,0.1143,0,4,3,35,0.08571428571428572,0.0,0.11428571428571428,0.25,1,0.0,0,0.75,3,0.75,3,0.25,1,0.25,1,0.25,1,0.0,0,0.0,0,0.0,0,10203000000.0,13.17,13.14,5844000000.0,7392000000.0,7793000000.0,226954000000.0,,20642000000.0,64166000000.0,43519000000.0,0.025749711395260715,0.03433735470624003,0.6782252283140604,0.2831121015405484,3.5369822024124926,0.15900944425396626,,2022-10-05,2022-08-28,38,-0.054592285747553176,0.014529041375079552,-0.06912132712263273
COST,2023,0000909832-23-000042,0.1714,0,6,3,35,0.08571428571428572,0.0,0.17142857142857143,0.3333333333333333,2,0.0,0,0.6666666666666666,4,0.16666666666666666,1,0.3333333333333333,2,0.3333333333333333,2,0.3333333333333333,2,0.0,0,0.0,0,0.0,0,13700000000.0,14.18,14.16,6292000000.0,11068000000.0,8114000000.0,242290000000.0,,25058000000.0,68994000000.0,43936000000.0,0.025968880267448098,0.033488794419910026,0.6368089978838739,0.2510974539069359,3.5117546453314783,0.19856799141954373,,2023-10-11,2023-09-03,38,0.20880650806927636,0.09048706189283838,0.11831944617643798
COST,2024,0000909832-24-000049,0.1714,0,6,2,35,0.05714285714285714,0.0,0.17142857142857143,0.5,3,0.0,0,0.6666666666666666,4,0.16666666666666666,1,0.3333333333333333,2,0.5,3,0.5,3,0.0,0,0.0,0,0.0,0,9906000000.0,16.59,16.56,7367000000.0,11339000000.0,9285000000.0,254453000000.0,,23622000000.0,69831000000.0,46209000000.0,0.028952301603832536,0.036490039417888566,0.6617261674614426,0.3118702904072475,3.6438401283097765,0.14185676848391116,,2024-10-09,2024-09-01,38,0.014843590331676723,0.023341272086323497,-0.008497681754646774
CRM,2019,0001108524-19-000009,0.4225,0,30,19,71,0.2676056338028169,0.0,0.4225352112676056,0.0,0,0.1,3,0.26666666666666666,8,0.13333333333333333,4,0.16666666666666666,5,0.23333333333333334,7,0.1,3,0.0,0,0.13333333333333333,4,0.03333333333333333,1,2669000000.0,1.48,1.43,1110000000.0,3398000000.0,535000000.0,13282000000.0,1886000000.0,15605000000.0,30737000000.0,15132000000.0,0.08357175124228279,0.040280078301460624,0.4923056902104955,0.07113104774110862,0.43211764323128476,0.08683345804730455,0.1419966872458967,2019-03-08,2019-01-31,36,0.02740851215653392,0.04224435134232488,-0.014835839185790962
CRM,2020,0001108524-20-000014,0.3793,0,33,6,87,0.06896551724137931,0.0,0.3793103448275862,0.030303030303030304,1,0.09090909090909091,3,0.24242424242424243,8,0.12121212121212122,4,0.15151515151515152,5,0.21212121212121213,7,0.06060606060606061,2,0.030303030303030304,1,0.15151515151515152,5,0.030303030303030304,1,4145000000.0,0.15,0.15,126000000.0,4331000000.0,297000000.0,17098000000.0,2766000000.0,33885000000.0,55126000000.0,21241000000.0,0.007369282957071003,0.017370452684524505,0.38531727315604253,0.0037184594953519256,0.3101621739288176,0.07519137974821319,0.16177330681951105,2020-03-05,2020-01-31,34,0.031780772318356326,0.03820612091374923,-0.006425348595392906
CRM,2021,0001108524-22-000008,0.6423,4,75,18,123,0.14634146341463414,0.032520325203252036,0.6097560975609756,0.02531645569620253,2,0.16455696202531644,13,0.31645569620253167,25,0.22784810126582278,18,0.06329113924050633,5,0.13924050632911392,11,0.05063291139240506,4,0.02531645569620253,2,0.12658227848101267,10,0.012658227848101266,1,6195000000.0,4.48,4.38,4072000000.0,4801000000.0,455000000.0,21252000000.0,3598000000.0,41493000000.0,66301000000.0,24808000000.0,0.19160549595332205,0.021409749670619236,0.37417233525889504,0.09813703516255753,0.32053815176241685,0.09343750471335274,0.16930171277997366,2021-03-17,2021-01-31,45,0.13823200472267572,0.07201898270040016,0.06621302202227555
CRM,2022,0001108524-22-000013,0.375,1,41,35,112,0.3125,0.008928571428571428,0.36607142857142855,0.07142857142857142,3,0.14285714285714285,6,0.40476190476190477,17,0.21428571428571427,9,0.16666666666666666,7,0.09523809523809523,4,0.09523809523809523,4,0.047619047619047616,2,0.07142857142857142,3,0.023809523809523808,1,5464000000.0,1.51,1.48,1444000000.0,6000000000.0,548000000.0,26492000000.0,4465000000.0,58131000000.0,95209000000.0,37078000000.0,0.054507020987467916,0.020685489959232976,0.3894379733008434,0.024840446577557584,0.27825100568223593,0.057389532502179416,0.16854144647440736,2022-03-11,2022-01-31,39,-0.054522508022191524,-0.04138117457793291,-0.013141333444258614
CRM,2023,0001108524-23-000011,0.2522,1,28,17,115,0.14782608695652175,0.008695652173913044,0.24347826086956523,0.0,0,0.2413793103448276,7,0.4482758620689655,13,0.1724137931034483,5,0.10344827586206896,3,0.20689655172413793,6,0.10344827586206896,3,0.0,0,0.034482758620689655,1,0.034482758620689655,1,7016000000.0,0.21,0.21,208000000.0,7111000000.0,1030000000.0,31352000000.0,5055000000.0,58359000000.0,98849000000.0,40490000000.0,0.006634345496300076,0.03285276856340903,0.40961466479175307,0.003564146061447249,0.31717063399730905,0.07097694463272264,0.16123373309517733,2023-03-08,2023-01-31,36,0.16343263497390273,0.0770670262671858,0.08636560870671693
CRM,2024,0001108524-24-000005,0.2564,1,29,19,117,0.1623931623931624,0.008547008547008548,0.24786324786324787,0.13333333333333333,4,0.16666666666666666,5,0.3333333333333333,10,0.16666666666666666,5,0.2,6,0.2,6,0.13333333333333333,4,0.0,0,0.03333333333333333,1,0.06666666666666667,2,8472000000.0,4.25,4.2,4136000000.0,10234000000.0,5011000000.0,34857000000.0,4906000000.0,59646000000.0,99823000000.0,40177000000.0,0.11865622400091803,0.14375878589666352,0.40248239383709167,0.06934245381081715,0.3491880628712822,0.08487022028991315,0.14074647846917404,2024-03-06,2024-01-31,35,-0.22583928610666396,0.039787398265302566,-0.2656266843719665
CSCO,2019,0000858877-19-000012,0.1364,0,12,22,88,0.25,0.0,0.13636363636363635,0.5833333333333334,7,0.0,0,0.25,3,0.25,3,0.08333333333333333,1,0.3333333333333333,4,0.0,0,0.08333333333333333,1,0.0,0,0.0,0,11750000000.0,2.63,2.61,11621000000.0,15831000000.0,14219000000.0,51904000000.0,6577000000.0,33571000000.0,97793000000.0,64222000000.0,0.22389411220715166,0.27394805795314425,0.6567136707126277,0.3461618658961604,0.530753734929903,0.1201517491026965,0.12671470406905055,2019-09-05,2019-07-27,40,-0.08669085175389833,0.05062900098215082,-0.13731985273604916
CSCO,2020,0000858877-20-000010,0.2708,3,23,17,96,0.17708333333333334,0.03125,0.23958333333333334,0.46153846153846156,12,0.038461538461538464,1,0.23076923076923078,6,0.11538461538461539,3,0.19230769230769232,5,0.15384615384615385,4,0.0,0,0.07692307692307693,2,0.11538461538461539,3,0.0,0,11809000000.0,2.65,2.64,11214000000.0,15426000000.0,13620000000.0,49301000000.0,6347000000.0,37920000000.0,94853000000.0,56933000000.0,0.22745988925173932,0.27626214478408145,0.600223503737362,0.29572784810126584,0.5197621582870336,0.1244979072881195,0.1287397821545202,2020-09-03,2020-07-25,40,0.08168064495803196,0.06620980996232251,0.015470834995709448
CSCO,2021,0000858877-21-000013,0.3118,0,29,34,93,0.3655913978494624,0.0,0.3118279569892473,0.6896551724137931,20,0.034482758620689655,1,0.3793103448275862,11,0.06896551724137931,2,0.034482758620689655,1,0.13793103448275862,4,0.1724137931034483,5,0.0,0,0.034482758620689655,1,0.0,0,9175000000.0,2.51,2.5,10591000000.0,15454000000.0,12833000000.0,49818000000.0,6549000000.0,41275000000.0,97497000000.0,56222000000.0,0.21259384158336345,0.25759765546589586,0.5766536406248397,0.2565960024227741,0.5109695682944091,0.09410545965516888,0.13145850897266048,2021-09-09,2021-07-31,40,-0.020388846673579163,0.049098157115528174,-0.06948700378910734
CSCO,2022,0000858877-22-000013,0.2404,3,22,20,104,0.19230769230769232,0.028846153846153848,0.21153846153846154,0.4,10,0.12,3,0.36,9,0.04,1,0.12,3,0.12,3,0.16,4,0.0,0,0.04,1,0.0,0,7079000000.0,2.83,2.82,11812000000.0,13226000000.0,13969000000.0,51557000000.0,6774000000.0,39773000000.0,94002000000.0,54229000000.0,0.22910565005721822,0.2709428399635355,0.5768919810216804,0.29698539210016844,0.5484670538924704,0.07530690836365184,0.1313885602343038,2022-09-08,2022-07-30,40,0.07179895956722478,-0.013999179181838562,0.08579813874906334
CSCO,2023,0000858877-23-000023,0.1562,1,14,36,96,0.375,0.010416666666666666,0.14583333333333334,0.6,9,0.0,0,0.26666666666666666,4,0.2,3,0.06666666666666667,1,0.26666666666666666,4,0.0,0,0.0,0,0.06666666666666667,1,0.0,0,10123000000.0,3.08,3.07,12613000000.0,19886000000.0,15031000000.0,56998000000.0,7551000000.0,44353000000.0,101852000000.0,57499000000.0,0.2212884662619741,0.26371100740376857,0.5645348152220869,0.28437760692625075,0.5596159132859443,0.09938930997918549,0.13247833257307273,2023-09-07,2023-07-29,40,-0.15399725317669608,0.025882852571896674,-0.17988010574859276
CSCO,2024,0000858877-24-000017,0.198,1,19,24,101,0.2376237623762376,0.009900990099009901,0.18811881188118812,0.35,7,0.2,4,0.4,8,0.05,1,0.1,2,0.05,1,0.2,4,0.05,1,0.05,1,0.0,0,7508000000.0,2.55,2.54,10320000000.0,10880000000.0,12181000000.0,53803000000.0,7983000000.0,45457000000.0,124413000000.0,78956000000.0,0.1918108655651172,0.22640001486905934,0.6346282140933825,0.22702774050201288,0.4324548077773223,0.06034739134977856,0.14837462595022582,2024-09-05,2024-07-27,40,0.22278932793575937,0.1090114028587974,0.11377792507696197
CVX,2019,0000093410-20-000010,0.1765,0,3,1,17,0.058823529411764705,0.0,0.17647058823529413,0.0,0,0.0,0,1.0,3,0.0,0,0.0,0,0.0,0,0.3333333333333333,1,0.3333333333333333,1,0.0,0,0.0,0,,1.55,1.54,2924000000.0,27314000000.0,,139865000000.0,500000000.0,144213000000.0,237428000000.0,92220000000.0,0.02090587352089515,,0.3884124871540004,0.020275564616227384,0.5890838485772529,,0.003574875773066886,2020-02-21,2019-12-31,52,-0.1432786555870729,-0.11054923080460088,-0.03272942478247201
CVX,2020,0000093410-21-000009,0.5172,4,11,1,29,0.034482758620689655,0.13793103448275862,0.3793103448275862,0.13333333333333333,2,0.06666666666666667,1,0.3333333333333333,5,0.13333333333333333,2,0.06666666666666667,1,0.06666666666666667,1,0.26666666666666666,4,0.0,0,0.2,3,0.0,0,,-2.96,-2.96,-5543000000.0,10577000000.0,,94471000000.0,435000000.0,131688000000.0,239790000000.0,107064000000.0,-0.05867409046162314,,0.4464906793444264,-0.04209191422149323,0.39397389382376247,,0.004604587651236888,2021-02-25,2020-12-31,56,0.029746104143976954,0.09968513570248917,-0.06993903155851222
CVX,2021,0000093410-22-000019,0.3846,1,9,13,26,0.5,0.038461538461538464,0.34615384615384615,0.1,1,0.0,0,0.7,7,0.2,2,0.0,0,0.0,0,0.8,8,0.0,0,0.1,1,0.0,0,,8.15,8.14,15625000000.0,29187000000.0,,155606000000.0,268000000.0,139067000000.0,239535000000.0,99595000000.0,0.10041386578923692,,0.4157847496190536,0.11235591477489268,0.6496169662053562,,0.0017222986260169916,2022-02-24,2021-12-31,55,0.3114798138400889,-0.06933350780792741,0.3808133216480163
CVX,2022,0000093410-23-000009,0.3448,1,9,4,29,0.13793103448275862,0.034482758620689655,0.3103448275862069,0.0,0,0.1,1,0.8,8,0.2,2,0.3,3,0.0,0,0.5,5,0.1,1,0.1,1,0.0,0,17678000000.0,18.36,18.28,35465000000.0,49602000000.0,,235717000000.0,268000000.0,159282000000.0,257709000000.0,97467000000.0,0.15045584323574457,,0.37820565055935185,0.22265541618010823,0.9146634382190766,0.06859675059854332,0.0011369566047421272,2023-02-23,2022-12-31,54,-0.019267216283133874,0.029947644396118238,-0.04921486067925211
CVX,2023,0000093410-24-000013,0.4,2,10,10,30,0.3333333333333333,0.06666666666666667,0.3333333333333333,0.08333333333333333,1,0.08333333333333333,1,0.6666666666666666,8,0.08333333333333333,1,0.0,0,0.0,0,0.5,6,0.08333333333333333,1,0.08333333333333333,1,0.0,0,8178000000.0,11.41,11.36,21369000000.0,35609000000.0,,196913000000.0,320000000.0,160957000000.0,261632000000.0,99703000000.0,0.10852000629719724,,0.38108106042074363,0.13276216629286083,0.7526334699119374,0.03125764432485323,0.001625083158552254,2024-02-26,2023-12-31,57,0.03167993137270273,0.04959585276021322,-0.01791592138751049
CVX,2024,0000093410-25-000009,0.25,0,8,5,32,0.15625,0.0,0.25,0.125,1,0.0,0,0.875,7,0.125,1,0.0,0,0.0,0,0.625,5,0.0,0,0.0,0,0.0,0,,9.76,9.72,17661000000.0,31492000000.0,,193414000000.0,353000000.0,152318000000.0,256938000000.0,103781000000.0,0.09131190089652248,,0.40391456304633805,0.11594821360574588,0.752765258544863,,0.0018251005614898612,2025-02-21,2024-12-31,52,-0.1273396648122129,-0.02516222368630866,-0.10217744112590424
DAL,2019,0000027904-20-000004,0.3947,0,15,3,38,0.07894736842105263,0.0,0.39473684210526316,0.13333333333333333,2,0.0,0,0.6666666666666666,10,0.0,0,0.06666666666666667,1,0.06666666666666667,1,0.26666666666666666,4,0.0,0,0.06666666666666667,1,0.0,0,2882000000.0,7.32,7.3,4767000000.0,8425000000.0,6618000000.0,47007000000.0,,15358000000.0,64532000000.0,,0.1014104282340928,0.14078754228093687,,0.3103919781221513,0.7284293063906279,0.04466001363664539,,2020-02-13,2019-12-31,44,-0.6694718367749628,-0.15962788500420114,-0.5098439517707617
DAL,2020,0000027904-21-000003,0.6154,4,28,4,52,0.07692307692307693,0.07692307692307693,0.5384615384615384,0.0625,2,0.125,4,0.28125,9,0.03125,1,0.0625,2,0.09375,3,0.125,4,0.0,0,0.125,4,0.0,0,8307000000.0,-19.49,-19.49,-12385000000.0,-3793000000.0,-12469000000.0,17095000000.0,,1534000000.0,71996000000.0,,-0.7244808423515647,-0.7293945598128108,,-8.073663624511083,0.2374437468748264,0.11538141007833769,,2021-02-12,2020-12-31,43,0.015708112567092578,0.04834914712024123,-0.03264103455314865
DAL,2021,0000027904-22-000003,0.3396,0,18,8,53,0.1509433962264151,0.0,0.33962264150943394,0.2222222222222222,4,0.1111111111111111,2,0.3333333333333333,6,0.0,0,0.05555555555555555,1,0.0,0,0.3888888888888889,7,0.0,0,0.1111111111111111,2,0.0,0,7933000000.0,0.44,0.44,280000000.0,3264000000.0,1886000000.0,29899000000.0,,3887000000.0,72459000000.0,,0.009364861701060236,0.06307903274357002,,0.0720349884229483,0.41263335127451384,0.10948260395534026,,2022-02-11,2021-12-31,42,-0.1337114561484652,-0.10648214318456097,-0.027229312963904226
DAL,2022,0000027904-23-000003,0.1765,0,9,7,51,0.13725490196078433,0.0,0.17647058823529413,0.1111111111111111,1,0.0,0,0.4444444444444444,4,0.0,0,0.2222222222222222,2,0.1111111111111111,1,0.2222222222222222,2,0.0,0,0.1111111111111111,1,0.0,0,3266000000.0,2.07,2.06,1318000000.0,6363000000.0,3661000000.0,50582000000.0,,6582000000.0,72288000000.0,,0.026056700011861927,0.0723775256019928,,0.2002430872075357,0.6997288623284639,0.04518038955289951,,2023-02-10,2022-12-31,41,-0.12968284971923272,0.013878586944202425,-0.14356143666343515
DAL,2023,0000027904-24-000003,0.3111,0,14,11,45,0.24444444444444444,0.0,0.3111111111111111,0.07142857142857142,1,0.07142857142857142,1,0.35714285714285715,5,0.0,0,0.0,0,0.07142857142857142,1,0.21428571428571427,3,0.0,0,0.21428571428571427,3,0.0,0,2741000000.0,7.21,7.17,4609000000.0,6464000000.0,5521000000.0,58048000000.0,,11105000000.0,73644000000.0,,0.07939980705622933,0.09511094266813672,,0.415038271049077,0.7882244310466568,0.037219596980066265,,2024-02-12,2023-12-31,43,0.29928977320908445,0.04287255150390382,0.2564172217051806
DAL,2024,0000027904-25-000004,0.2195,0,9,9,41,0.21951219512195122,0.0,0.21951219512195122,0.1111111111111111,1,0.4444444444444444,4,0.4444444444444444,4,0.0,0,0.0,0,0.1111111111111111,1,0.3333333333333333,3,0.0,0,0.1111111111111111,1,0.0,0,3069000000.0,5.39,5.33,3457000000.0,8025000000.0,5995000000.0,61643000000.0,,15293000000.0,75372000000.0,,0.056080982431095175,0.0972535405479941,,0.22605113450598313,0.8178501300217588,0.040718038528896675,,2025-02-11,2024-12-31,42,-0.2082683306394847,-0.0339764064755019,-0.1742919241639828
DIS,2020,0001744489-20-000197,0.7091,3,36,5,55,0.09090909090909091,0.05454545454545454,0.6545454545454545,0.02564102564102564,1,0.02564102564102564,1,0.20512820512820512,8,0.0,0,0.2564102564102564,10,0.1282051282051282,5,0.05128205128205128,2,0.10256410256410256,4,0.15384615384615385,6,0.0,0,17914000000.0,-1.58,-1.58,-2864000000.0,,8108000000.0,65388000000.0,,83583000000.0,201549000000.0,,-0.04380008564262556,0.12399828714748884,,-0.0342653410382494,0.32442731048032986,0.08888161191571281,,2020-11-25,2020-10-03,53,0.3219530490304825,0.07304837452104063,0.24890467450944187
DIS,2021,0001744489-21-000220,0.3158,0,18,9,57,0.15789473684210525,0.0,0.3157894736842105,0.16666666666666666,3,0.2222222222222222,4,0.1111111111111111,2,0.05555555555555555,1,0.2222222222222222,4,0.16666666666666666,3,0.0,0,0.0,0,0.16666666666666666,3,0.0,0,15959000000.0,1.1,1.09,1995000000.0,,7766000000.0,67418000000.0,,88553000000.0,203609000000.0,,0.029591503752706992,0.11519178854311905,,0.022528881009113187,0.3311150292963474,0.07838062168175278,,2021-11-24,2021-10-02,53,-0.021474804496804865,-0.08171609760690458,0.06024129311009972
DIS,2022,0001744489-22-000213,0.3538,3,20,19,65,0.2923076923076923,0.046153846153846156,0.3076923076923077,0.043478260869565216,1,0.13043478260869565,3,0.21739130434782608,5,0.0,0,0.17391304347826086,4,0.391304347826087,9,0.17391304347826086,4,0.0,0,0.13043478260869565,3,0.0,0,11615000000.0,1.73,1.72,3145000000.0,,12121000000.0,82722000000.0,,95008000000.0,203631000000.0,,0.03801890669954788,0.14652692149609536,,0.0331024755810037,0.40623480707750786,0.05703944880691054,,2022-11-29,2022-10-01,59,0.06083010781032105,0.010946607291589007,0.04988350051873204
DIS,2023,0001744489-23-000216,0.5224,1,34,23,67,0.34328358208955223,0.014925373134328358,0.5074626865671642,0.2,7,0.08571428571428572,3,0.2,7,0.02857142857142857,1,0.2571428571428571,9,0.34285714285714286,12,0.2,7,0.0,0,0.14285714285714285,5,0.05714285714285714,2,14182000000.0,1.29,1.29,2354000000.0,,12863000000.0,88898000000.0,,99277000000.0,205579000000.0,,0.02647978582195325,0.14469391887331548,,0.02371143366540085,0.4324274366545221,0.06898564542098172,,2023-11-21,2023-09-30,52,0.18542859758880922,0.10648233553694732,0.0789462620518619
DIS,2024,0001744489-24-000276,0.2857,0,20,21,70,0.3,0.0,0.2857142857142857,0.1,2,0.1,2,0.35,7,0.2,4,0.15,3,0.4,8,0.15,3,0.0,0,0.0,0,0.05,1,6002000000.0,2.72,2.72,4972000000.0,,15601000000.0,91361000000.0,,100696000000.0,196219000000.0,,0.054421470868313615,0.17076214139512483,,0.04937634066894415,0.46560730612224094,0.030588271268327735,,2024-11-14,2024-09-28,47,0.0054435861228942705,0.02029266332401054,-0.014849077201116268
GS,2019,0001193125-20-043853,0.4516,0,42,14,93,0.15053763440860216,0.0,0.45161290322580644,0.023809523809523808,1,0.16666666666666666,7,0.7619047619047619,32,0.047619047619047616,2,0.07142857142857142,3,0.09523809523809523,4,0.07142857142857142,3,0.047619047619047616,2,0.2619047619047619,11,0.0,0,133546000000.0,21.18,21.03,8466000000.0,23868000000.0,,,,90265000000.0,992968000000.0,902703000000.0,,,0.9090957613941235,0.09379050573311914,,0.13449174595757366,,2020-02-21,2019-12-31,52,-0.21428669383729979,-0.11054923080460088,-0.1037374630326989
GS,2024,0000886982-25-000005,0.0569,0,7,5,123,0.04065040650406504,0.0,0.056910569105691054,0.14285714285714285,1,0.0,0,0.8571428571428571,6,0.14285714285714285,1,0.0,0,0.14285714285714285,1,0.42857142857142855,3,0.14285714285714285,1,0.14285714285714285,1,0.0,0,182092000000.0,41.07,40.54,14276000000.0,-13212000000.0,,,,121996000000.0,1675972000000.0,1553976000000.0,,,0.9272088077843783,0.11702023017148103,,0.10864859317458764,,2025-02-27,2024-12-31,58,0.005686080490267231,0.007602938799902675,-0.0019168583096354445
HON,2019,0000773840-20-000009,0.3333,0,11,4,33,0.12121212121212122,0.0,0.3333333333333333,0.2727272727272727,3,0.2727272727272727,3,0.45454545454545453,5,0.18181818181818182,2,0.36363636363636365,4,0.09090909090909091,1,0.09090909090909091,1,0.0,0,0.0,0,0.0,0,9067000000.0,8.52,8.41,6143000000.0,6897000000.0,,36709000000.0,1556000000.0,18494000000.0,58679000000.0,,0.16734315835353727,,,0.3321617821996323,0.6255900748138176,0.1545186523287718,0.042387425427007,2020-02-14,2019-12-31,45,-0.28831691964195977,-0.15093079785208963,-0.13738612178987014
HON,2023,0000773840-24-000014,0.259,5,67,33,278,0.11870503597122302,0.017985611510791366,0.24100719424460432,0.2222222222222222,16,0.16666666666666666,12,0.25,18,0.1111111111111111,8,0.041666666666666664,3,0.027777777777777776,2,0.16666666666666666,12,0.0,0,0.06944444444444445,5,0.013888888888888888,1,7925000000.0,8.53,8.47,5658000000.0,5340000000.0,,36662000000.0,1456000000.0,15856000000.0,61525000000.0,,0.15432873274780426,,,0.3568365287588295,0.5958878504672898,0.12880942706216986,0.039714145436691946,2024-02-16,2023-12-31,47,0.0592668474772779,0.061705611482319817,-0.0024387640050419143
HON,2024,0000773840-25-000010,0.2996,2,81,44,277,0.1588447653429603,0.007220216606498195,0.2924187725631769,0.10843373493975904,9,0.04819277108433735,4,0.14457831325301204,12,0.04819277108433735,4,0.060240963855421686,5,0.03614457831325301,3,0.25301204819277107,21,0.012048192771084338,1,0.04819277108433735,4,0.012048192771084338,1,10567000000.0,8.76,8.71,5705000000.0,6097000000.0,8699000000.0,38498000000.0,1536000000.0,18619000000.0,75196000000.0,,0.1481895163385111,0.22595979011896722,,0.30640743326709274,0.5119687217405181,0.14052609181339432,0.03989817652865084,2025-02-14,2024-12-31,45,0.10224265725437727,-0.028643075424589715,0.13088573267896697
JNJ,2019,0000200406-20-000010,0.3333,0,7,2,21,0.09523809523809523,0.0,0.3333333333333333,0.7142857142857143,5,0.2857142857142857,2,0.5714285714285714,4,0.7142857142857143,5,0.0,0,0.0,0,0.0,0,0.0,0,0.0,0,0.0,0,17305000000.0,5.72,5.63,15119000000.0,23416000000.0,,82059000000.0,,59471000000.0,157728000000.0,98257000000.0,0.1842454819093579,,0.6229521708257253,0.2542247481966,0.5202563907486305,0.10971419151957801,,2020-02-18,2019-12-29,51,0.015688633802294242,-0.11877545071048222,0.13446408451277647
JNJ,2022,0000200406-22-000022,0.3143,2,9,3,35,0.08571428571428572,0.05714285714285714,0.2571428571428571,0.2727272727272727,3,0.18181818181818182,2,0.5454545454545454,6,0.09090909090909091,1,0.18181818181818182,2,0.18181818181818182,2,0.2727272727272727,3,0.09090909090909091,1,0.09090909090909091,1,0.0,0,14487000000.0,7.93,7.81,20878000000.0,23410000000.0,,93775000000.0,,74023000000.0,182018000000.0,107995000000.0,0.22263929618768327,,0.5933204408355217,0.28204747173175904,0.5151962992671054,0.07959102945862497,,2022-02-17,2022-01-02,46,0.06279921645199091,-0.10063279528814181,0.16343201174013272
JNJ,2023,0000200406-24-000013,0.4337,1,35,1,83,0.012048192771084338,0.012048192771084338,0.42168674698795183,0.4444444444444444,16,0.19444444444444445,7,0.5555555555555556,20,0.08333333333333333,3,0.2222222222222222,8,0.05555555555555555,2,0.0,0,0.0,0,0.05555555555555555,2,0.027777777777777776,1,21859000000.0,13.88,13.72,35153000000.0,22791000000.0,,85159000000.0,483000000.0,68774000000.0,167558000000.0,98784000000.0,0.41279254101151963,,0.5895510808197758,0.511137930031698,0.5082359541173802,0.1304563196027644,0.005671743444615366,2024-02-16,2023-12-31,47,-0.014500047863910988,0.061705611482319817,-0.0762056593462308
JNJ,2024,0000200406-25-000038,0.0833,0,3,47,36,1.3055555555555556,0.0,0.08333333333333333,0.3333333333333333,1,0.3333333333333333,1,0.3333333333333333,1,0.3333333333333333,1,0.0,0,0.0,0,0.0,0,0.0,0,0.3333333333333333,1,0.0,0,24105000000.0,5.84,5.79,14066000000.0,24266000000.0,,88821000000.0,1841000000.0,71490000000.0,180104000000.0,108614000000.0,0.1583634500850024,,0.6030626748989473,0.19675479087984332,0.49316506018744727,0.1338393372717985,0.020727080307584918,2025-02-13,2024-12-29,46,-0.06180239394640223,-0.033412237082671575,-0.028390156863730656
JPM,2019,0000019617-20-000257,0.3188,0,22,15,69,0.21739130434782608,0.0,0.3188405797101449,0.045454545454545456,1,0.13636363636363635,3,0.6818181818181818,15,0.2727272727272727,6,0.18181818181818182,4,0.0,0,0.09090909090909091,2,0.0,0,0.09090909090909091,2,0.0,0,,10.75,10.72,36431000000.0,6046000000.0,,115627000000.0,,261330000000.0,2687379000000.0,2426049000000.0,0.31507346899945515,,0.9027565520159233,0.13940611487391422,0.04302593716777574,,,2020-02-25,2019-12-31,56,-0.2840194120220578,-0.049488902693245136,-0.2345305093288127
JPM,2020,0000019617-21-000236,0.5783,0,48,7,83,0.08433734939759036,0.0,0.5783132530120482,0.041666666666666664,2,0.125,6,0.75,36,0.2916666666666667,14,0.14583333333333334,7,0.041666666666666664,2,0.0625,3,0.020833333333333332,1,0.22916666666666666,11,0.0,0,,8.89,8.88,29131000000.0,-79910000000.0,,119543000000.0,,279354000000.0,3386071000000.0,3106717000000.0,0.24368637226771955,,0.9174990719332229,0.10427987428137775,0.03530433945419337,,,2021-02-23,2020-12-31,54,0.09224603107767095,0.0852721456057212,0.006973885471949742
JPM,2021,0000019617-22-000272,0.3291,0,26,15,79,0.189873417721519,0.0,0.3291139240506329,0.0,0,0.19230769230769232,5,0.6153846153846154,16,0.15384615384615385,4,0.2692307692307692,7,0.11538461538461539,3,0.07692307692307693,2,0.0,0,0.19230769230769232,5,0.0,0,,15.39,15.36,48334000000.0,78084000000.0,,121649000000.0,,294127000000.0,3743567000000.0,3449440000000.0,0.3973234469662718,,0.9214313514356762,0.16433037429409744,0.03249547824307673,,,2022-02-22,2021-12-31,53,-0.17348018486498126,-0.07313584382610223,-0.10034434103887903
JPM,2022,0000019617-23-000231,0.3846,0,30,13,78,0.16666666666666666,0.0,0.38461538461538464,0.03333333333333333,1,0.1,3,0.6333333333333333,19,0.3333333333333333,10,0.3333333333333333,10,0.06666666666666667,2,0.13333333333333333,4,0.03333333333333333,1,0.16666666666666666,5,0.0,0,,12.1,12.09,37676000000.0,107119000000.0,,128695000000.0,,292332000000.0,3665743000000.0,3373411000000.0,0.29275418625432226,,0.9202530019153007,0.12888086148625535,0.035107480257072034,,,2023-02-21,2022-12-31,52,-0.0037008071386805835,0.0533672115903049,-0.05706801872898548
JPM,2023,0000019617-24-000225,0.3012,0,25,8,83,0.0963855421686747,0.0,0.30120481927710846,0.04,1,0.2,5,0.76,19,0.28,7,0.0,0,0.08,2,0.0,0,0.0,0,0.16,4,0.0,0,,16.25,16.23,49552000000.0,12974000000.0,,158104000000.0,,327878000000.0,3875393000000.0,3547515000000.0,0.3134139553711481,,0.9153949031749812,0.15112938349020064,0.04079689466332834,,,2024-02-16,2023-12-31,47,0.13752461301615249,0.061705611482319817,0.07581900153383267
JPM,2024,0000019617-25-000270,0.4405,0,37,7,84,0.08333333333333333,0.0,0.44047619047619047,0.02702702702702703,1,0.21621621621621623,8,0.6486486486486487,24,0.24324324324324326,9,0.13513513513513514,5,0.13513513513513514,5,0.13513513513513514,5,0.0,0,0.16216216216216217,6,0.05405405405405406,2,,19.79,19.75,58471000000.0,-42012000000.0,,177556000000.0,,344758000000.0,4002814000000.0,3658056000000.0,0.32931018946135304,,0.9138710916869982,0.16960012530528662,0.044357794291715776,,,2025-02-14,2024-12-31,45,-0.026943681627875568,-0.028643075424589715,0.0016993937967141465
MSFT,2019,0001564590-19-027952,0.283,0,15,10,53,0.18867924528301888,0.0,0.2830188679245283,0.06666666666666667,1,0.06666666666666667,1,0.5333333333333333,8,0.13333333333333333,2,0.13333333333333333,2,0.13333333333333333,2,0.13333333333333333,2,0.0,0,0.06666666666666667,1,0.0,0,11356000000.0,5.11,5.06,39240000000.0,52185000000.0,42959000000.0,125843000000.0,16876000000.0,102330000000.0,286556000000.0,184226000000.0,0.3118171054409065,0.3413698020549415,0.6428970253632798,0.3834652594547054,0.43915674423149403,0.03962925222295119,0.13410360528595155,2019-08-01,2019-06-30,32,0.05093065958131817,0.03630667375741235,0.014623985823905818
MSFT,2020,0001564590-20-034944,0.0909,1,4,1,55,0.01818181818181818,0.01818181818181818,0.07272727272727272,0.6,3,0.0,0,0.6,3,0.0,0,0.8,4,0.0,0,0.0,0,0.0,0,0.2,1,0.0,0,13576000000.0,5.82,5.76,44281000000.0,60675000000.0,52959000000.0,143015000000.0,19269000000.0,118304000000.0,301311000000.0,183007000000.0,0.3096248645247002,0.37030381428521486,0.6073691302342098,0.37429841763592103,0.4746424790332912,0.04505643670493278,0.1347341187987274,2020-07-30,2020-06-30,30,-0.0035802361624361384,0.012370828833359144,-0.015951064995795284
MSFT,2021,0001564590-21-039151,0.2381,0,15,2,63,0.031746031746031744,0.0,0.23809523809523808,0.26666666666666666,4,0.2,3,0.4666666666666667,7,0.13333333333333333,2,0.13333333333333333,2,0.2,3,0.2,3,0.0,0,0.0,0,0.0,0,14224000000.0,8.12,8.05,61271000000.0,76740000000.0,69916000000.0,168088000000.0,20716000000.0,141988000000.0,333779000000.0,191791000000.0,0.36451739564989766,0.415948788729713,0.5746047534446445,0.4315223821731414,0.5035906992351227,0.04261502371329533,0.12324496692208843,2021-07-29,2021-06-30,29,0.1301527577878716,0.033460520474590597,0.09669223731328101
MSFT,2022,0001564590-22-026876,0.0606,0,4,5,66,0.07575757575757576,0.0,0.06060606060606061,0.25,1,0.0,0,1.0,4,0.0,0,0.25,1,0.0,0,0.0,0,0.0,0,0.0,0,0.0,0,13931000000.0,9.7,9.65,72738000000.0,89035000000.0,83383000000.0,198270000000.0,24512000000.0,166542000000.0,364840000000.0,198298000000.0,0.3668633681343622,0.4205527815604983,0.5435204473193729,0.4367546925099975,0.5434437013485364,0.03818386141870409,0.12362939426035205,2022-07-28,2022-06-30,28,-0.16135089908151154,-0.055361762483638055,-0.10598913659787348
MSFT,2023,0000950170-23-035122,0.2462,0,16,10,65,0.15384615384615385,0.0,0.24615384615384617,0.0,0,0.1875,3,0.625,10,0.0625,1,0.0,0,0.0,0,0.125,2,0.0625,1,0.0,0,0.125,2,34704000000.0,9.72,9.68,72361000000.0,87582000000.0,88523000000.0,211915000000.0,27195000000.0,206223000000.0,411976000000.0,205753000000.0,0.3414623787839464,0.417728806361041,0.499429578422044,0.35088714643856406,0.5143867603938094,0.08423791677185079,0.12832975485454073,2023-07-27,2023-06-30,27,0.03226680473629814,-0.07396208266375535,0.10622888740005348
MSFT,2024,0000950170-24-087843,0.2535,0,18,8,71,0.11267605633802817,0.0,0.2535211267605634,0.16666666666666666,3,0.4444444444444444,8,0.4444444444444444,8,0.16666666666666666,3,0.1111111111111111,2,0.05555555555555555,1,0.1111111111111111,2,0.0,0,0.05555555555555555,1,0.16666666666666666,3,18315000000.0,11.86,11.8,88136000000.0,118548000000.0,109433000000.0,245122000000.0,29510000000.0,268477000000.0,512163000000.0,243686000000.0,0.35955972944084985,0.44644299573273716,0.47579774407756903,0.32828137978299815,0.47860153896318164,0.03576009981197392,0.12038903076835208,2024-07-30,2024-06-30,30,0.010495672550760072,0.07492928339507947,-0.0644336108443194
NKE,2019,0000320187-19-000051,0.0909,0,7,3,77,0.03896103896103896,0.0,0.09090909090909091,0.2857142857142857,2,0.0,0,0.2857142857142857,2,0.14285714285714285,1,0.0,0,0.14285714285714285,1,0.14285714285714285,1,0.14285714285714285,1,0.0,0,0.0,0,4466000000.0,2.55,2.49,4029000000.0,5903000000.0,,39117000000.0,,9040000000.0,23717000000.0,,0.10299869621903521,,,0.4456858407079646,1.6493232702281064,0.18830374836615085,,2019-07-23,2019-05-31,53,0.11267105363370092,0.004483892706515129,0.10818716092718579
NKE,2020,0000320187-20-000047,0.3814,2,35,18,97,0.18556701030927836,0.020618556701030927,0.36082474226804123,0.40540540540540543,15,0.05405405405405406,2,0.2702702702702703,10,0.0,0,0.10810810810810811,4,0.2972972972972973,11,0.0,0,0.05405405405405406,2,0.02702702702702703,1,0.0,0,8348000000.0,1.63,1.6,2539000000.0,2485000000.0,,37403000000.0,,8055000000.0,31342000000.0,,0.06788225543405609,,,0.31520794537554314,1.1933826813859996,0.2663518601237955,,2020-07-24,2020-05-31,54,0.32386511864783485,0.0782519745864935,0.24561314406134135
NKE,2021,0000320187-21-000028,0.1881,0,19,25,101,0.24752475247524752,0.0,0.18811881188118812,0.5789473684210527,11,0.05263157894736842,1,0.3684210526315789,7,0.0,0,0.10526315789473684,2,0.21052631578947367,4,0.15789473684210525,3,0.10526315789473684,2,0.05263157894736842,1,0.0,0,9889000000.0,3.64,3.56,5727000000.0,6657000000.0,,44538000000.0,,12767000000.0,37740000000.0,,0.12858682473393507,,,0.4485783661001018,1.180127186009539,0.2620296767355591,,2021-07-20,2021-05-31,50,-0.0002933322071811501,0.04074290489451459,-0.04103623710169574
NKE,2022,0000320187-22-000038,0.2056,4,18,24,107,0.22429906542056074,0.037383177570093455,0.16822429906542055,0.5,11,0.045454545454545456,1,0.5909090909090909,13,0.045454545454545456,1,0.18181818181818182,4,0.13636363636363635,3,0.36363636363636365,8,0.0,0,0.0,0,0.0,0,8574000000.0,3.83,3.75,6046000000.0,5188000000.0,,46710000000.0,,15281000000.0,40321000000.0,,0.12943695140226932,,,0.3956547346377855,1.158453411373726,0.21264353562659657,,2022-07-21,2022-05-31,51,-0.20422501917591293,-0.0721592058115837,-0.13206581336432924
NKE,2023,0000320187-23-000039,0.1765,0,18,28,102,0.27450980392156865,0.0,0.17647058823529413,0.4444444444444444,8,0.0,0,0.6111111111111112,11,0.0,0,0.2222222222222222,4,0.0,0,0.2222222222222222,4,0.05555555555555555,1,0.0,0,0.0,0,7441000000.0,3.27,3.23,5070000000.0,5841000000.0,,51217000000.0,,14004000000.0,37531000000.0,,0.09899056953745826,,,0.3620394173093402,1.3646585489328822,0.19826276944392635,,2023-07-20,2023-05-31,50,-0.03173020040162344,-0.04523097141728273,0.013500771015659288
NVDA,2019,0001045810-19-000023,0.15,0,6,5,40,0.125,0.0,0.15,0.5,3,0.0,0,0.6666666666666666,4,0.16666666666666666,1,0.0,0,0.0,0,0.0,0,0.0,0,0.0,0,0.0,0,782000000.0,6.81,6.63,4141000000.0,3743000000.0,3804000000.0,11716000000.0,2376000000.0,9342000000.0,13292000000.0,3950000000.0,0.35344827586206895,0.3246841925571868,0.29717123081552815,0.44326696638835367,0.8814324405657539,0.058832380379175445,0.20279959030385797,2019-02-21,2019-01-27,25,-0.021911371453077314,0.03412923327551364,-0.05604060472859096
NVDA,2020,0001045810-20-000010,0.3333,1,13,6,42,0.14285714285714285,0.023809523809523808,0.30952380952380953,0.5,7,0.07142857142857142,1,0.42857142857142855,6,0.21428571428571427,3,0.07142857142857142,1,0.14285714285714285,2,0.07142857142857142,1,0.0,0,0.0,0,0.0,0,10896000000.0,4.59,4.52,2796000000.0,4761000000.0,2846000000.0,10918000000.0,2829000000.0,12204000000.0,17315000000.0,5111000000.0,0.2560908591317091,0.2606704524638212,0.29517759168351143,0.22910521140609635,0.630551544903263,0.6292809702570026,0.2591133907309031,2020-02-20,2020-01-26,25,0.16298881152409664,-0.11358942204021821,0.2765782335643149
NVDA,2021,0001045810-21-000010,0.6533,2,47,8,75,0.10666666666666667,0.02666666666666667,0.6266666666666667,0.4897959183673469,24,0.10204081632653061,5,0.32653061224489793,16,0.12244897959183673,6,0.14285714285714285,7,0.20408163265306123,10,0.10204081632653061,5,0.0,0,0.10204081632653061,5,0.0,0,847000000.0,7.02,6.9,4332000000.0,5822000000.0,4532000000.0,16675000000.0,3924000000.0,16893000000.0,28791000000.0,11898000000.0,0.25979010494752625,0.271784107946027,0.4132541419193498,0.2564375776949032,0.5791740474453823,0.029418915633357648,0.2353223388305847,2021-02-26,2021-01-31,26,0.12970543674814458,0.1059610706121703,0.023744366135974276
NVDA,2022,0001045810-22-000036,0.7733,3,55,35,75,0.4666666666666667,0.04,0.7333333333333333,0.4482758620689655,26,0.15517241379310345,9,0.4827586206896552,28,0.13793103448275862,8,0.13793103448275862,8,0.2413793103448276,14,0.15517241379310345,9,0.017241379310344827,1,0.08620689655172414,5,0.0,0,1990000000.0,3.91,3.85,9752000000.0,9108000000.0,10041000000.0,26914000000.0,5268000000.0,26612000000.0,44187000000.0,17575000000.0,0.3623393029649996,0.3730772088875678,0.3977414171588929,0.3664512250112731,0.6090931721999683,0.04503587027858873,0.19573456193802483,2022-03-18,2022-01-30,47,-0.410112405054503,-0.17517777450943167,-0.23493463054507135
NVDA,2023,0001045810-23-000017,0.5532,1,51,22,94,0.23404255319148937,0.010638297872340425,0.5425531914893617,0.40384615384615385,21,0.038461538461538464,2,0.40384615384615385,21,0.15384615384615385,8,0.19230769230769232,10,0.09615384615384616,5,0.057692307692307696,3,0.057692307692307696,3,0.07692307692307693,4,0.0,0,3389000000.0,1.76,1.74,4368000000.0,5641000000.0,4224000000.0,26974000000.0,7339000000.0,22101000000.0,41182000000.0,19081000000.0,0.16193371394676356,0.1565952398606065,0.46333349521635664,0.19763811592235644,0.6549949006847652,0.08229323490845515,0.2720768147104619,2023-02-24,2023-01-29,26,0.6313006090136183,0.05008458089720569,0.5812160281164126
NVDA,2024,0001045810-24-000029,0.4381,0,46,21,105,0.2,0.0,0.4380952380952381,0.41304347826086957,19,0.13043478260869565,6,0.30434782608695654,14,0.0,0,0.21739130434782608,10,0.06521739130434782,3,0.13043478260869565,6,0.13043478260869565,6,0.06521739130434782,3,0.021739130434782608,1,7280000000.0,12.05,11.93,29760000000.0,28090000000.0,32972000000.0,60922000000.0,8675000000.0,42978000000.0,65728000000.0,22750000000.0,0.4884934834706674,0.5412166376678376,0.346123417721519,0.6924472986178976,0.9268804771178188,0.11075949367088607,0.14239519385443683,2024-02-21,2024-01-28,24,0.413778479132134,0.0720036500956405,0.3417748290364935
PFE,2019,0000078003-20-000014,0.2857,1,25,14,91,0.15384615384615385,0.01098901098901099,0.27472527472527475,0.3076923076923077,8,0.038461538461538464,1,0.5769230769230769,15,0.11538461538461539,3,0.23076923076923078,6,0.07692307692307693,2,0.11538461538461539,3,0.0,0,0.07692307692307693,2,0.0,0,1305000000.0,2.92,2.87,16273000000.0,12588000000.0,,51750000000.0,,63143000000.0,167489000000.0,104042000000.0,0.3144541062801932,,0.621187063031005,0.25771661150087893,0.3089755148099278,0.007791556460424266,,2020-02-27,2019-12-31,58,0.1080006756523208,0.02623396563761362,0.08176671001470717
PFE,2020,0000078003-21-000038,0.8197,7,43,51,61,0.8360655737704918,0.11475409836065574,0.7049180327868853,0.34,17,0.0,0,0.54,27,0.1,5,0.04,2,0.18,9,0.1,5,0.02,1,0.06,3,0.0,0,1784000000.0,1.73,1.71,9616000000.0,14403000000.0,,41908000000.0,,63238000000.0,154229000000.0,90756000000.0,0.22945499665934904,,0.5884496430632371,0.1520604699705873,0.27172581032101617,0.011567214985508561,,2021-02-25,2020-12-31,56,0.1621374167888761,0.09968513570248917,0.06245228108638694
PFE,2021,0000078003-22-000027,0.4412,3,27,18,68,0.2647058823529412,0.04411764705882353,0.39705882352941174,0.23333333333333334,7,0.0,0,0.6333333333333333,19,0.2,6,0.03333333333333333,1,0.16666666666666666,5,0.1,3,0.03333333333333333,1,0.03333333333333333,1,0.0,0,1944000000.0,3.92,3.85,21979000000.0,32580000000.0,,81288000000.0,,77201000000.0,181476000000.0,104013000000.0,0.27038431256766066,,0.5731501686173378,0.284698384735949,0.44792699861138663,0.010712160285657607,,2022-02-24,2021-12-31,55,0.1781548699295926,-0.06933350780792741,0.24748837773752
PFE,2022,0000078003-23-000024,0.3382,4,19,22,68,0.3235294117647059,0.058823529411764705,0.27941176470588236,0.391304347826087,9,0.08695652173913043,2,0.6956521739130435,16,0.21739130434782608,5,0.043478260869565216,1,0.13043478260869565,3,0.2608695652173913,6,0.13043478260869565,3,0.08695652173913043,2,0.0,0,416000000.0,5.59,5.47,31372000000.0,29267000000.0,,100330000000.0,,95661000000.0,197205000000.0,101288000000.0,0.3126881291737267,,0.5136178088790853,0.3279497391831572,0.5087599198803275,0.0021094799827590578,,2023-02-23,2022-12-31,54,-0.07687932155227391,0.029947644396118238,-0.10682696594839214
PFE,2023,0000078003-24-000039,0.3944,2,26,16,71,0.22535211267605634,0.028169014084507043,0.36619718309859156,0.35714285714285715,10,0.0,0,0.4642857142857143,13,0.14285714285714285,4,0.07142857142857142,2,0.32142857142857145,9,0.0,0,0.10714285714285714,3,0.0,0,0.07142857142857142,2,2853000000.0,0.38,0.37,2119000000.0,8700000000.0,,50914000000.0,,89014000000.0,226501000000.0,137213000000.0,0.041619201005617314,,0.6057942349040402,0.023805244118902644,0.2247848795369557,0.012595970878715767,,2024-02-22,2023-12-31,53,0.09061321898136095,0.047243954497318774,0.04336926448404217
PFE,2024,0000078003-25-000054,0.3429,1,23,16,70,0.22857142857142856,0.014285714285714285,0.32857142857142857,0.5416666666666666,13,0.125,3,0.625,15,0.08333333333333333,2,0.041666666666666664,1,0.20833333333333334,5,0.125,3,0.08333333333333333,2,0.0,0,0.0,0,1043000000.0,1.42,1.41,8031000000.0,12744000000.0,,63627000000.0,,88203000000.0,213396000000.0,124899000000.0,0.1262200009429959,,0.5852921329359501,0.09105132478487127,0.2981639768318057,0.004887626759639356,,2025-02-27,2024-12-31,58,-0.09493453944941634,0.007602938799902675,-0.10253747824931901
SBUX,2019,0000829224-19-000051,0.3824,0,13,13,34,0.38235294117647056,0.0,0.38235294117647056,0.15384615384615385,2,0.07692307692307693,1,0.5384615384615384,7,0.15384615384615385,2,0.15384615384615385,2,0.3076923076923077,4,0.23076923076923078,3,0.0,0,0.0,0,0.0,0,2686600000.0,2.95,2.92,3599200000.0,5047000000.0,4077900000.0,26508600000.0,,-6232200000.0,19219600000.0,25450600000.0,0.1357748051575715,0.15383309567461126,1.3242002955316448,-0.577516767754565,1.3792482673937023,0.13978438677183708,,2019-11-15,2019-09-29,47,0.07290260984224535,0.08636330675497249,-0.013460696912727138
SBUX,2020,0000829224-20-000078,0.4655,2,25,4,58,0.06896551724137931,0.034482758620689655,0.43103448275862066,0.3333333333333333,9,0.037037037037037035,1,0.2222222222222222,6,0.037037037037037035,1,0.14814814814814814,4,0.37037037037037035,10,0.037037037037037035,1,0.0,0,0.0,0,0.0,0,4350900000.0,0.79,0.79,928300000.0,1597800000.0,1561700000.0,23518000000.0,,-7805100000.0,29374500000.0,37173900000.0,0.03947189386852624,0.0664044561612382,1.2655160087831283,-0.11893505528436535,0.8006263936407428,0.14811826584282287,,2020-11-12,2020-09-27,46,0.1319365157857703,0.10909305156357434,0.02284346422219595
SBUX,2021,0000829224-21-000086,0.2462,2,14,16,65,0.24615384615384617,0.03076923076923077,0.2153846153846154,0.375,6,0.1875,3,0.625,10,0.3125,5,0.0625,1,0.3125,5,0.3125,5,0.0,0,0.0625,1,0.0,0,6455700000.0,3.57,3.54,4199300000.0,5989100000.0,4872100000.0,29060600000.0,,-5321200000.0,31392600000.0,36707100000.0,0.14450148998988321,0.1676531110851118,1.1692914890770436,-0.7891640983236864,0.9257149774150596,0.20564400527512852,,2021-11-19,2021-10-03,47,-0.15578808535388833,-0.06460916678918317,-0.09117891856470516
SBUX,2022,0000829224-22-000058,0.2329,4,13,11,73,0.1506849315068493,0.0547945205479452,0.1780821917808219,0.4117647058823529,7,0.0,0,0.47058823529411764,8,0.0,0,0.0,0,0.29411764705882354,5,0.7058823529411765,12,0.0,0,0.058823529411764705,1,0.0,0,,2.85,2.83,3281600000.0,4397300000.0,4617800000.0,32250300000.0,,-8706600000.0,27978400000.0,36677100000.0,0.10175409220999494,0.1431862649339696,1.3109077002258887,-0.37690947097604116,1.1526856432104766,,,2022-11-18,2022-10-02,47,0.10340882913603121,0.03566601912193258,0.06774281001409863
SBUX,2023,0000829224-23-000058,0.3816,0,29,27,76,0.35526315789473684,0.0,0.3815789473684211,0.3103448275862069,9,0.10344827586206896,3,0.4827586206896552,14,0.10344827586206896,3,0.2413793103448276,7,0.41379310344827586,12,0.2413793103448276,7,0.0,0,0.0,0,0.0,0,,3.6,3.58,4124500000.0,6008700000.0,5870800000.0,35975600000.0,,-7994800000.0,29445500000.0,37433300000.0,0.11464714973482026,0.16318838323752766,1.27127404866618,-0.5158978335918347,1.221769030921533,,,2023-11-17,2023-10-01,47,-0.11167142004367248,0.11813794050931635,-0.22980936055298884
SBUX,2024,0000829224-24-000057,0.54,4,50,19,100,0.19,0.04,0.5,0.3888888888888889,21,0.09259259259259259,5,0.4074074074074074,22,0.2777777777777778,15,0.14814814814814814,8,0.24074074074074073,13,0.3148148148148148,17,0.0,0,0.0,0,0.0,0,,3.32,3.31,3760900000.0,6095600000.0,5408800000.0,36176200000.0,,-7448900000.0,31339300000.0,38780900000.0,0.10396061498996578,0.14951266302154456,1.237452655292237,-0.5048933399562352,1.154339758705523,,,2024-11-20,2024-09-29,52,0.15655886749107345,0.03903142224744022,0.11752744524363323
T,2019,0001562762-20-000064,1.0,21,12,1,33,0.030303030303030304,0.6363636363636364,0.36363636363636365,0.09090909090909091,3,0.12121212121212122,4,0.42424242424242425,14,0.15151515151515152,5,0.18181818181818182,6,0.06060606060606061,2,0.09090909090909091,3,0.0,0,0.12121212121212122,4,0.0,0,12130000000.0,1.9,1.89,13903000000.0,48668000000.0,27955000000.0,181193000000.0,,201934000000.0,551669000000.0,,0.07673033726468462,0.15428300210273024,,0.06884922796557291,0.32844513648582757,0.0219878224080019,,2020-02-20,2019-12-31,51,-0.2156660624061587,-0.11358942204021821,-0.1020766403659405
T,2020,0000732717-21-000012,0.5682,13,12,8,44,0.18181818181818182,0.29545454545454547,0.2727272727272727,0.16,4,0.0,0,0.56,14,0.4,10,0.16,4,0.0,0,0.0,0,0.0,0,0.12,3,0.0,0,9740000000.0,-0.75,-0.75,-5176000000.0,43130000000.0,6405000000.0,171760000000.0,,179240000000.0,525761000000.0,,-0.030135072193758734,0.03729040521658128,,-0.028877482704753404,0.3266883622025978,0.018525527758810563,,2021-02-25,2020-12-31,56,0.055631716484911324,0.09968513570248917,-0.04405341921757785
T,2021,0000732717-22-000015,0.375,7,14,6,56,0.10714285714285714,0.125,0.25,0.23809523809523808,5,0.0,0,0.2857142857142857,6,0.09523809523809523,2,0.14285714285714285,3,0.14285714285714285,3,0.09523809523809523,2,0.0,0,0.0,0,0.0,0,21169000000.0,2.77,2.76,20081000000.0,41957000000.0,23347000000.0,168864000000.0,,183855000000.0,551622000000.0,,0.11891818267955277,0.13825919082812205,,0.10922194120366593,0.3061226709594614,0.0383759168416053,,2022-02-16,2021-12-31,47,0.15402408827634528,-0.08287373345865301,0.2368978217349983
T,2022,0000732717-23-000011,0.4,0,14,25,35,0.7142857142857143,0.0,0.4,0.21428571428571427,3,0.07142857142857142,1,0.7142857142857143,10,0.2857142857142857,4,0.21428571428571427,3,0.07142857142857142,1,0.2857142857142857,4,0.0,0,0.0,0,0.0,0,3701000000.0,-1.13,-1.13,-8524000000.0,,-4587000000.0,120741000000.0,,106457000000.0,402853000000.0,,-0.07059739442277271,-0.03799040922304768,,-0.08006988737236631,0.2997147843009733,0.009186973908596933,,2023-02-13,2022-12-31,44,-0.10324376019993657,0.0008013985742589015,-0.10404515877419547
T,2023,0000732717-24-000009,0.4872,0,19,7,39,0.1794871794871795,0.0,0.48717948717948717,0.47368421052631576,9,0.15789473684210525,3,0.5789473684210527,11,0.3684210526315789,7,0.2631578947368421,5,0.21052631578947367,4,0.10526315789473684,2,0.0,0,0.05263157894736842,1,0.10526315789473684,2,6722000000.0,1.97,1.97,14400000000.0,,23461000000.0,122428000000.0,,117442000000.0,407060000000.0,,0.11762015225275264,0.19163099944457151,,0.12261371570647639,0.3007615584926055,0.01651353608804599,,2024-02-23,2023-12-31,54,0.056914104921061866,0.038878127136478854,0.01803597778458301
T,2024,0000732717-25-000013,0.275,0,11,4,40,0.1,0.0,0.275,0.45454545454545453,5,0.18181818181818182,2,0.36363636363636365,4,0.09090909090909091,1,0.2727272727272727,3,0.36363636363636365,4,0.09090909090909091,1,0.0,0,0.0,0,0.2727272727272727,3,3298000000.0,1.49,1.49,10948000000.0,,19049000000.0,122336000000.0,,118245000000.0,394795000000.0,,0.08949123724823436,0.15571050222338478,,0.09258742441540868,0.3098722121607417,0.008353702554490305,,2025-02-12,2024-12-31,43,0.054051362118442,-0.024454111359111748,0.07850547347755374
TGT,2019,0000027419-19-000006,0.16,0,4,5,25,0.2,0.0,0.16,0.25,1,0.5,2,0.75,3,0.5,2,0.0,0,0.25,1,0.0,0,0.0,0,0.0,0,0.0,0,,5.55,5.51,,5973000000.0,4110000000.0,75356000000.0,,11297000000.0,41290000000.0,,,0.05454111152396624,,,1.8250423831436182,,,2019-03-13,2019-02-02,39,0.1493961621489246,0.0313944866580131,0.11800167549091149
TGT,2020,0000027419-20-000008,0.1667,0,4,3,24,0.125,0.0,0.16666666666666666,0.5,2,0.25,1,0.5,2,0.25,1,0.25,1,0.0,0,0.25,1,0.0,0,0.25,1,0.0,0,,6.42,6.36,,7117000000.0,4658000000.0,78112000000.0,,11833000000.0,42779000000.0,,,0.059632322818517,,,1.8259426354052222,,,2020-03-11,2020-02-01,39,0.14945782316116038,0.17610596521071684,-0.026648142049556456
TGT,2021,0000027419-21-000010,0.2667,0,8,0,30,0.0,0.0,0.26666666666666666,0.5,4,0.125,1,0.25,2,0.125,1,0.125,1,0.0,0,0.0,0,0.0,0,0.0,0,0.0,0,,8.72,8.64,,10525000000.0,6539000000.0,93561000000.0,,14440000000.0,51248000000.0,,,0.06989023204112825,,,1.8256517327505464,,,2021-03-10,2021-01-30,39,0.3207732591853024,0.0874868752266201,0.23328638395868231
TGT,2022,0000027419-22-000007,0.3,0,9,7,30,0.23333333333333334,0.0,0.3,0.2222222222222222,2,0.1111111111111111,1,0.3333333333333333,3,0.1111111111111111,1,0.0,0,0.0,0,0.0,0,0.0,0,0.0,0,0.0,0,,14.23,14.1,,8625000000.0,8946000000.0,106005000000.0,,12827000000.0,53811000000.0,,,0.08439224564879015,,,1.9699503818921782,,,2022-03-09,2022-01-29,39,-0.27489397946201233,-0.024282208421359364,-0.25061177104065296
TGT,2023,0000027419-23-000015,0.7037,0,19,10,27,0.37037037037037035,0.0,0.7037037037037037,0.3684210526315789,7,0.15789473684210525,3,0.3684210526315789,7,0.15789473684210525,3,0.10526315789473684,2,0.05263157894736842,1,0.15789473684210525,3,0.0,0,0.0,0,0.0,0,,6.02,5.98,2780000000.0,4018000000.0,3848000000.0,109120000000.0,,11232000000.0,53335000000.0,,0.025476539589442817,0.03526392961876833,,0.2475071225071225,2.0459360644979845,,,2023-03-08,2023-01-28,39,-0.18293305510576843,0.0770670262671858,-0.2600000813729542
TGT,2024,0000027419-24-000032,0.303,0,10,4,33,0.12121212121212122,0.0,0.30303030303030304,0.3,3,0.2,2,0.4,4,0.1,1,0.2,2,0.1,1,0.1,1,0.0,0,0.0,0,0.0,0,,8.96,8.94,4138000000.0,8621000000.0,5707000000.0,107412000000.0,,13432000000.0,55356000000.0,,0.03852455963951886,0.05313186608572599,,0.30807027992852887,1.9403858660307827,,,2024-03-13,2024-02-03,39,-0.11683987622357621,0.043894902097841595,-0.1607347783214178
UNH,2019,0000731766-20-000006,0.1475,0,9,9,61,0.14754098360655737,0.0,0.14754098360655737,0.1111111111111111,1,0.1111111111111111,1,0.5555555555555556,5,0.0,0,0.0,0,0.0,0,0.0,0,0.0,0,0.0,0,0.0,0,10985000000.0,14.55,14.33,13839000000.0,18463000000.0,19685000000.0,242155000000.0,,60436000000.0,173889000000.0,111727000000.0,0.057149346492948734,0.08129090871549215,0.6425190782625698,0.2289860348136872,1.3925837747068532,0.06317248359585713,,2020-02-14,2019-12-31,45,-0.023131609626589063,-0.15093079785208963,0.12779918822550057
UNH,2020,0000731766-21-000013,0.3231,3,18,13,65,0.2,0.046153846153846156,0.27692307692307694,0.09523809523809523,2,0.09523809523809523,2,0.2857142857142857,6,0.19047619047619047,4,0.14285714285714285,3,0.09523809523809523,2,0.0,0,0.0,0,0.047619047619047616,1,0.0,0,16921000000.0,16.23,16.03,15403000000.0,22174000000.0,22405000000.0,257141000000.0,,68328000000.0,197289000000.0,126750000000.0,0.05990098817380348,0.08713118483633493,0.642458525310585,0.22542735042735043,1.3033722103107623,0.08576757954067384,,2021-03-01,2020-12-31,60,0.23527114308828892,0.0817181334383034,0.15355300964998553
UNH,2021,0000731766-22-000008,0.1159,0,8,7,69,0.10144927536231885,0.0,0.11594202898550725,0.375,3,0.125,1,0.375,3,0.25,2,0.0,0,0.0,0,0.0,0,0.0,0,0.0,0,0.0,0,21375000000.0,18.33,18.08,17285000000.0,22343000000.0,23970000000.0,287597000000.0,,75045000000.0,212206000000.0,135727000000.0,0.060101461419973086,0.0833457928977006,0.639600199805849,0.2303284695849157,1.355272706709518,0.10072759488421629,,2022-02-15,2021-12-31,46,0.0260079489203194,-0.10035216950900425,0.12636011842932365
UNH,2022,0000731766-23-000008,0.1857,0,13,14,70,0.2,0.0,0.18571428571428572,0.07692307692307693,1,0.23076923076923078,3,0.15384615384615385,2,0.0,0,0.15384615384615385,2,0.0,0,0.07692307692307693,1,0.0,0,0.0,0,0.0,0,23365000000.0,21.47,21.18,20120000000.0,26206000000.0,28435000000.0,324162000000.0,,81450000000.0,245705000000.0,159358000000.0,0.062067731566315607,0.08771848643579445,0.6485745100832299,0.24702271332105585,1.3193138112777518,0.09509370993671272,,2023-02-24,2022-12-31,55,-0.010176036080960892,0.05008458089720569,-0.06026061697816658
UNH,2023,0000731766-24-000081,0.2344,0,15,12,64,0.1875,0.0,0.234375,0.0,0,0.2,3,0.6,9,0.13333333333333333,2,0.06666666666666667,1,0.13333333333333333,2,0.06666666666666667,1,0.0,0,0.0,0,0.13333333333333333,2,25427000000.0,24.12,23.86,22381000000.0,29068000000.0,32358000000.0,371622000000.0,,94421000000.0,273720000000.0,174801000000.0,0.06022517504345814,0.08707234770815506,0.6386124506795265,0.23703413435570478,1.357672073651907,0.0928941984509718,,2024-02-28,2023-12-31,59,0.014822115939607926,0.04976936152566104,-0.03494724558605311
UNH,2024,0000731766-25-000063,0.1525,0,9,8,59,0.13559322033898305,0.0,0.15254237288135594,0.1111111111111111,1,0.2222222222222222,2,0.3333333333333333,3,0.3333333333333333,3,0.0,0,0.0,0,0.0,0,0.0,0,0.0,0,0.1111111111111111,1,25312000000.0,15.64,15.51,14405000000.0,24204000000.0,32287000000.0,400278000000.0,,98268000000.0,298278000000.0,195687000000.0,0.03598748869535673,0.0806614402989922,0.6560557600627602,0.14658892009606383,1.341962866855752,0.0848604322142431,,2025-02-27,2024-12-31,58,-0.3610551711869898,0.007602938799902675,-0.3686581099868925
VZ,2019,0000732712-20-000014,0.0,0,0,1,21,0.047619047619047616,0.0,0.0,0.0,0,0.0,0,0.0,0,0.0,0,0.0,0,0.0,0,0.0,0,0.0,0,0.0,0,0.0,0,2594000000.0,4.66,4.65,19265000000.0,35746000000.0,30378000000.0,131868000000.0,,62835000000.0,291727000000.0,,0.14609306275972941,0.23036673036673036,,0.306596641998886,0.45202535246994624,0.008891874937869994,,2020-02-21,2019-12-31,52,-0.06270767406866117,-0.11054923080460088,0.04784155673593972
VZ,2020,0000732712-21-000012,0.4091,2,7,3,22,0.13636363636363635,0.09090909090909091,0.3181818181818182,0.4444444444444444,4,0.0,0,0.3333333333333333,3,0.1111111111111111,1,0.2222222222222222,2,0.0,0,0.1111111111111111,1,0.0,0,0.1111111111111111,1,0.0,0,22171000000.0,4.3,4.3,17801000000.0,41768000000.0,28798000000.0,128292000000.0,,69272000000.0,316481000000.0,,0.13875378043837497,0.22447229757116577,,0.2569725141471301,0.40537030659028506,0.07005475842151662,,2021-02-25,2020-12-31,56,0.008254080109600007,0.09968513570248917,-0.09143105559288917
VZ,2021,0000732712-22-000008,0.3478,0,8,1,23,0.043478260869565216,0.0,0.34782608695652173,0.25,2,0.0,0,0.625,5,0.125,1,0.0,0,0.0,0,0.125,1,0.0,0,0.0,0,0.0,0,2921000000.0,5.32,5.32,22065000000.0,39539000000.0,32448000000.0,133613000000.0,,83200000000.0,366596000000.0,,0.1651411165081242,0.24285062082282413,,0.26520432692307694,0.3644693340898428,0.007967899267858897,,2022-02-11,2021-12-31,42,-0.08767445265939319,-0.10648214318456097,0.018807690525167772
VZ,2022,0000732712-23-000012,0.3462,0,9,6,26,0.23076923076923078,0.0,0.34615384615384615,0.1111111111111111,1,0.0,0,0.2222222222222222,2,0.2222222222222222,2,0.4444444444444444,4,0.0,0,0.2222222222222222,2,0.0,0,0.2222222222222222,2,0.0,0,2605000000.0,5.06,5.06,21256000000.0,37141000000.0,30467000000.0,136835000000.0,,92463000000.0,379680000000.0,,0.1553403734424672,0.2226550224723207,,0.2298865492142803,0.360395596291614,0.006861040876527602,,2023-02-10,2022-12-31,41,-0.04468232247503399,0.013878586944202425,-0.05856090941923641
VZ,2023,0000732712-24-000010,0.3077,0,8,4,26,0.15384615384615385,0.0,0.3076923076923077,0.125,1,0.25,2,0.75,6,0.625,5,0.125,1,0.375,3,0.25,2,0.0,0,0.125,1,0.0,0,2065000000.0,2.76,2.75,11614000000.0,37475000000.0,22877000000.0,133974000000.0,,93799000000.0,380255000000.0,,0.0866884619403765,0.1707570125546748,,0.12381795115086515,0.35232672811665855,0.005430566330488751,,2024-02-09,2023-12-31,40,0.017984913865001922,0.041073572899223657,-0.023088659034221734
VZ,2024,0000732712-25-000006,0.4828,0,14,3,29,0.10344827586206896,0.0,0.4827586206896552,0.21428571428571427,3,0.42857142857142855,6,0.5,7,0.2857142857142857,4,0.14285714285714285,2,0.07142857142857142,1,0.2857142857142857,4,0.0,0,0.07142857142857142,1,0.21428571428571427,3,4194000000.0,4.15,4.14,17506000000.0,36912000000.0,28686000000.0,134788000000.0,,100575000000.0,384711000000.0,,0.12987803068522422,0.21282309997922663,,0.17405915983097192,0.35036170008135975,0.010901689839905799,,2025-02-12,2024-12-31,43,0.06920885596290843,-0.024454111359111748,0.09366296732202017
WMT,2019,0000104169-19-000016,0.3404,0,16,5,47,0.10638297872340426,0.0,0.3404255319148936,0.25,4,0.0,0,0.5625,9,0.1875,3,0.125,2,0.25,4,0.125,2,0.0,0,0.0,0,0.0,0,7722000000.0,2.28,2.26,6670000000.0,27753000000.0,21957000000.0,510329000000.0,,72496000000.0,219295000000.0,,0.013069999941214393,0.0430251857135299,,0.09200507614213198,2.3271346815932876,0.035212841150049023,,2019-03-28,2019-01-31,56,0.1401748525137332,0.03980163250154691,0.10037322001218629
WMT,2020,0000104169-20-000011,0.3077,1,15,5,52,0.09615384615384616,0.019230769230769232,0.28846153846153844,0.25,4,0.25,4,0.5625,9,0.1875,3,0.0,0,0.125,2,0.0625,1,0.0,0,0.0,0,0.0,0,9465000000.0,5.22,5.19,14881000000.0,25255000000.0,20568000000.0,519926000000.0,,74669000000.0,236495000000.0,,0.028621380734950744,0.039559475771552104,,0.1992928792403809,2.1984650838284105,0.0400219877798685,,2020-03-20,2020-01-31,49,0.03982626949183104,0.36267471558064057,-0.3228484460888095
WMT,2021,0000104169-21-000033,0.5517,0,32,14,58,0.2413793103448276,0.0,0.5517241379310345,0.25,8,0.1875,6,0.5625,18,0.21875,7,0.09375,3,0.25,8,0.09375,3,0.0,0,0.125,4,0.0,0,17741000000.0,4.77,4.75,13510000000.0,36074000000.0,22548000000.0,555233000000.0,,80925000000.0,252496000000.0,,0.024332127233071522,0.040609978153315816,,0.16694470188446092,2.1989774095431214,0.07026249920790824,,2021-03-19,2021-01-31,47,0.04949778762669921,0.08341905459610356,-0.033921266969404354
WMT,2022,0000104169-22-000012,0.2537,0,17,5,67,0.07462686567164178,0.0,0.2537313432835821,0.35294117647058826,6,0.058823529411764705,1,0.7058823529411765,12,0.0,0,0.11764705882352941,2,0.5294117647058824,9,0.35294117647058826,6,0.0,0,0.0,0,0.0,0,14760000000.0,4.9,4.87,13673000000.0,24181000000.0,25942000000.0,567762000000.0,,83253000000.0,244860000000.0,,0.024082273910547024,0.04569168066901272,,0.16423432188629838,2.31872090173977,0.060279343298211226,,2022-03-18,2022-01-31,46,-0.16763966987562284,-0.17517777450943167,0.007538104633808829
WMT,2023,0000104169-23-000020,0.3649,0,27,10,74,0.13513513513513514,0.0,0.36486486486486486,0.2222222222222222,6,0.07407407407407407,2,0.6666666666666666,18,0.2222222222222222,6,0.037037037037037035,1,0.25925925925925924,7,0.07407407407407407,2,0.0,0,0.1111111111111111,3,0.0,0,8625000000.0,4.29,4.27,11680000000.0,28841000000.0,20428000000.0,605881000000.0,,76693000000.0,243197000000.0,,0.0192777129502328,0.03371619179343799,,0.15229551588802107,2.491317738294469,0.03546507563826856,,2023-03-17,2023-01-31,45,0.13579037628968,0.13490099211700218,0.0008893841726778096
WMT,2024,0000104169-24-000056,0.3882,2,31,10,85,0.11764705882352941,0.023529411764705882,0.36470588235294116,0.3939393939393939,13,0.2727272727272727,9,0.696969696969697,23,0.12121212121212122,4,0.09090909090909091,3,0.21212121212121213,7,0.18181818181818182,6,0.0,0,0.030303030303030304,1,0.0,0,9867000000.0,1.92,1.91,15511000000.0,35726000000.0,27012000000.0,642637000000.0,,83861000000.0,252399000000.0,,0.024136487628318944,0.04203306065477089,,0.18496082803687053,2.5461154758933278,0.03909286486871977,,2024-03-15,2024-01-31,44,0.10301357935993462,0.06398190822980551,0.039031671130129106
